,ITEM_NM,RATE,CONTENT,TAG,WRITE_DT
0,선택: 기본(머리고기+내장+순대),5,재구매 의향있어요~~~~~~,"유통기한아주 넉넉해요,포장꼼꼼해요,맛 만족도맛있어요,",20240917
1,선택: 기본(머리고기+내장+순대),5,감히말씀드리는데왠만한 순대국집보다 10배맛있습니다 드셔보세요 든든합니다,"유통기한꽤 남았어요,포장꼼꼼해요,맛 만족도맛있어요,",20240916
2,선택: 살코기+순대,5,맛있게 잘먹었습니다 ! 감사합니다,"유통기한아주 넉넉해요,포장꼼꼼해요,맛 만족도맛있어요,",20240915
3,선택: 기본(머리고기+내장+순대),5,배터져요 웬만한배달집보다는 훨씬 낫스빈다. 가격 할일할때 쟁여서 냉동실 넣어두고 그냥 주식으로 삼겠습니다.,"유통기한아주 넉넉해요,포장꼼꼼해요,맛 만족도맛있어요,",20240914
4,선택: 기본(머리고기+내장+순대),5,그럭저럭 맛있었어요~ 다대기가 조금 짠것 같기도 고기는 많아요,"맛 만족도평범해요,유통기한꽤 남았어요,포장적당해요,",20240914
5,선택: 기본(머리고기+내장+순대),5,진짜 맛있어요!!!! 포장상태도 깔끔하고 좋고 또 구매해서 먹을생각 입니다.,"유통기한꽤 남았어요,포장꼼꼼해요,맛 만족도맛있어요,",20240914
6,선택: 기본(머리고기+내장+순대),5,고기넉넉하고 국물 맛나고 소주안주로 최고입니다.!!,"유통기한아주 넉넉해요,포장꼼꼼해요,맛 만족도맛있어요,",20240913
7,선택: 기본(머리고기+내장+순대),5,어지간한 국밥집에서 먹는것보다 맛있습니다.,"유통기한아주 넉넉해요,포장꼼꼼해요,맛 만족도맛있어요,",20240912
8,선택: 기본(머리고기+내장+순대),5,재구매입니다 배송 빠르고 맛있어요~^^,"맛 만족도평범해요,유통기한꽤 남았어요,포장적당해요,",20240911
9,선택: 살코기+순대,5,재구매입니다 맛있어요~,"맛 만족도평범해요,유통기한꽤 남았어요,포장적당해요,",20240911
10,선택: 기본(머리고기+내장+순대),5,고기도많고ㅡ양념도맛있어요,"유통기한아주 넉넉해요,포장꼼꼼해요,맛 만족도맛있어요,",20240910
11,선택: 기본(머리고기+내장+순대),5,조리간편하고 맛있습니다,"유통기한아주 넉넉해요,포장꼼꼼해요,맛 만족도맛있어요,",20240910
12,선택: 살코기+순대,5,조리간편하고 맛있습니다,"유통기한아주 넉넉해요,포장꼼꼼해요,맛 만족도맛있어요,",20240910
13,선택: 순대만,5,정말 맛있습니다 좋아요,"유통기한아주 넉넉해요,포장꼼꼼해요,맛 만족도맛있어요,",20240910
14,선택: 순대만,5,배송도 빠르고 맛있어요 ....,"유통기한꽤 남았어요,포장꼼꼼해요,맛 만족도맛있어요,",20240910
15,선택: 기본(머리고기+내장+순대),5,배송도 빠르고 칼칼하고 맛있어요,"유통기한꽤 남았어요,포장꼼꼼해요,맛 만족도맛있어요,",20240910
16,선택: 기본(머리고기+내장+순대),3,맛있어요........,"맛 만족도평범해요,유통기한꽤 남았어요,포장적당해요,",20240910
17,선택: 기본(머리고기+내장+순대),5,부모님이 좋아하셔서 재구매합니다,"유통기한꽤 남았어요,포장꼼꼼해요,맛 만족도맛있어요,",20240909
18,선택: 순대만,5,양념이 따로 있어 딸이랑먹기 부담 없네요,"맛 만족도평범해요,유통기한꽤 남았어요,포장적당해요,",20240909
19,선택: 기본(머리고기+내장+순대),5,항상 주문하는 제품입니다.,"유통기한아주 넉넉해요,포장꼼꼼해요,맛 만족도맛있어요,",20240909
20,선택: 기본(머리고기+내장+순대),5,재구매 의향있어요~~~~~~,"유통기한아주 넉넉해요,포장꼼꼼해요,맛 만족도맛있어요,",20240917
21,선택: 기본(머리고기+내장+순대),5,감히말씀드리는데왠만한 순대국집보다 10배맛있습니다 드셔보세요 든든합니다,"유통기한꽤 남았어요,포장꼼꼼해요,맛 만족도맛있어요,",20240916
22,선택: 살코기+순대,5,맛있게 잘먹었습니다 ! 감사합니다,"유통기한아주 넉넉해요,포장꼼꼼해요,맛 만족도맛있어요,",20240915
23,선택: 기본(머리고기+내장+순대),5,배터져요 웬만한배달집보다는 훨씬 낫스빈다. 가격 할일할때 쟁여서 냉동실 넣어두고 그냥 주식으로 삼겠습니다.,"유통기한아주 넉넉해요,포장꼼꼼해요,맛 만족도맛있어요,",20240914
24,선택: 기본(머리고기+내장+순대),5,그럭저럭 맛있었어요~ 다대기가 조금 짠것 같기도 고기는 많아요,"맛 만족도평범해요,유통기한꽤 남았어요,포장적당해요,",20240914
25,선택: 기본(머리고기+내장+순대),5,진짜 맛있어요!!!! 포장상태도 깔끔하고 좋고 또 구매해서 먹을생각 입니다.,"유통기한꽤 남았어요,포장꼼꼼해요,맛 만족도맛있어요,",20240914
26,선택: 기본(머리고기+내장+순대),5,고기넉넉하고 국물 맛나고 소주안주로 최고입니다.!!,"유통기한아주 넉넉해요,포장꼼꼼해요,맛 만족도맛있어요,",20240913
27,선택: 기본(머리고기+내장+순대),5,어지간한 국밥집에서 먹는것보다 맛있습니다.,"유통기한아주 넉넉해요,포장꼼꼼해요,맛 만족도맛있어요,",20240912
28,선택: 기본(머리고기+내장+순대),5,재구매입니다 배송 빠르고 맛있어요~^^,"맛 만족도평범해요,유통기한꽤 남았어요,포장적당해요,",20240911
29,선택: 살코기+순대,5,재구매입니다 맛있어요~,"맛 만족도평범해요,유통기한꽤 남았어요,포장적당해요,",20240911
30,선택: 기본(머리고기+내장+순대),5,고기도많고ㅡ양념도맛있어요,"유통기한아주 넉넉해요,포장꼼꼼해요,맛 만족도맛있어요,",20240910
31,선택: 기본(머리고기+내장+순대),5,조리간편하고 맛있습니다,"유통기한아주 넉넉해요,포장꼼꼼해요,맛 만족도맛있어요,",20240910
32,선택: 살코기+순대,5,조리간편하고 맛있습니다,"유통기한아주 넉넉해요,포장꼼꼼해요,맛 만족도맛있어요,",20240910
33,선택: 순대만,5,정말 맛있습니다 좋아요,"유통기한아주 넉넉해요,포장꼼꼼해요,맛 만족도맛있어요,",20240910
34,선택: 순대만,5,배송도 빠르고 맛있어요 ....,"유통기한꽤 남았어요,포장꼼꼼해요,맛 만족도맛있어요,",20240910
35,선택: 기본(머리고기+내장+순대),5,배송도 빠르고 칼칼하고 맛있어요,"유통기한꽤 남았어요,포장꼼꼼해요,맛 만족도맛있어요,",20240910
36,선택: 기본(머리고기+내장+순대),3,맛있어요........,"맛 만족도평범해요,유통기한꽤 남았어요,포장적당해요,",20240910
37,선택: 기본(머리고기+내장+순대),5,부모님이 좋아하셔서 재구매합니다,"유통기한꽤 남았어요,포장꼼꼼해요,맛 만족도맛있어요,",20240909
38,선택: 순대만,5,양념이 따로 있어 딸이랑먹기 부담 없네요,"맛 만족도평범해요,유통기한꽤 남았어요,포장적당해요,",20240909
39,선택: 기본(머리고기+내장+순대),5,항상 주문하는 제품입니다.,"유통기한아주 넉넉해요,포장꼼꼼해요,맛 만족도맛있어요,",20240909
40,선택: 살코기+순대,3,"맛은 나쁘지 않았는데...추가요금까지 내고 구입하였으니 업체측 실수인지,,,기본으로 와서 그게 좀 아쉬워요~~담에 주문하게 되면 이번에 추가빠진거 보내주시면 감사하겠습니다.","맛 만족도평범해요,유통기한꽤 남았어요,포장적당해요,",20240909
41,선택: 살코기+순대,5,너무 맛있어요 ㅎㅎ 자주 시켜 먹을거같아요,"유통기한아주 넉넉해요,포장꼼꼼해요,맛 만족도맛있어요,",20240909
42,선택: 기본(머리고기+내장+순대),5,잘받았습니다 항상시켜먹어요,"유통기한아주 넉넉해요,포장꼼꼼해요,맛 만족도맛있어요,",20240909
43,선택: 기본(머리고기+내장+순대),5,아주 훌륭한 제품입니다!!,"유통기한아주 넉넉해요,포장꼼꼼해요,맛 만족도맛있어요,",20240909
44,선택: 순대만,5,국물 깔끔하고 양념넣으니 왕매콤 순대도 참 맛나네요 맛난 한그릇. 강추합니다,"유통기한아주 넉넉해요,포장꼼꼼해요,맛 만족도맛있어요,",20240908
45,선택: 살코기+순대,5,처음 구매해보았는데 정말 깔끔한 국물이네요 순대랑 고기도 맛나고 양념 다넣으니 맛나지만 넘 맵네요;; 담엔 좀 조절할까봐요 들깨가루가 중화시켜주긴 하네요 넘 맛난 한끼를 먹었어요 강추합니다,"유통기한아주 넉넉해요,포장꼼꼼해요,맛 만족도맛있어요,",20240908
46,선택: 살코기+순대,5,잘 받았습니다 ~~~,"유통기한아주 넉넉해요,포장꼼꼼해요,맛 만족도맛있어요,",20240908
47,선택: 살코기+순대,5,"순댜국 라이브 보다가 댓글들에 너무 맛난다는 극찬에 안살수가 없었어요 ㅠㅠ 아기 있는데 워낙 잘안먹는 아가라서 이아이가 여기 순대랑 고기는 과연 먹어줄지 ,,,, 아직 먹아보진 못했지만 박스 열었을때 신랑이 우~아 다르다고 맛나보인다고하네요. 저녁에 끓여먹던가 해야하는데 먹어본후 다시 수정댓글 남겨볼께요~ 어쨋든 포장은 역시 저렴이들과는 달라보야요 물롬 순대국은 차음","유통기한꽤 남았어요,포장꼼꼼해요,맛 만족도맛있어요,",20240908
48,선택: 기본(머리고기+내장+순대),5,지금까지 먹어본 냉동 순대국 중에서 가장 맛있네요. 고기도 많고 상태도 좋은데다가 양념장이 칼칼하고 아주 맛납니다. 재구매의사 아주 많아요:),"유통기한꽤 남았어요,포장적당해요,맛 만족도맛있어요,",20240907
49,선택: 기본(머리고기+내장+순대),5,오 맛있네요 새우젓도 실하고 맛도 좋고 만족합니다,"유통기한꽤 남았어요,포장적당해요,맛 만족도맛있어요,",20240907
50,선택: 기본(머리고기+내장+순대),5,재구매 입니다 내꺼~ 신랑은 살코기만 역쉬 맛나요!,"유통기한아주 넉넉해요,포장꼼꼼해요,맛 만족도맛있어요,",20240907
51,선택: 살코기+순대,5,역시 기대를..맛나요!! 재구매3번째 입니다,"유통기한아주 넉넉해요,포장꼼꼼해요,맛 만족도맛있어요,",20240907
52,선택: 기본(머리고기+내장+순대),5,엄마집에도 배송 완료~ 엄마가 한번 먹어보더니 잡내 없고 깰끔하다고 주문 요청 하셔서 후다닥 세일할때 10봉 구매 완료~>^!,"유통기한아주 넉넉해요,포장꼼꼼해요,맛 만족도맛있어요,",20240907
53,선택: 기본(머리고기+내장+순대),5,벌써 세번째구매에요 맛있어요!!,"유통기한아주 넉넉해요,포장꼼꼼해요,맛 만족도맛있어요,",20240907
54,선택: 순대만,5,순대국 중 제일 입에 맞아요,"유통기한꽤 남았어요,포장적당해요,맛 만족도맛있어요,",20240907
55,선택: 살코기+순대,5,밋 있어요. 냄세도 안나고..,"유통기한아주 넉넉해요,포장꼼꼼해요,맛 만족도맛있어요,",20240907
56,선택: 기본(머리고기+내장+순대),5,집에서 끓여서 먹었는데 냄새도 안나고 맛있습니다~~,"유통기한아주 넉넉해요,포장꼼꼼해요,맛 만족도맛있어요,",20240907
57,선택: 살코기+순대,5,양도 넉넉하고 신선하게 먹을 수 있어요.,"유통기한아주 넉넉해요,포장꼼꼼해요,맛 만족도맛있어요,",20240906
58,선택: 기본(머리고기+내장+순대),5,맛있어요. 다먹고 또시켜먹어요.,"유통기한꽤 남았어요,포장꼼꼼해요,맛 만족도맛있어요,",20240906
59,선택: 살코기+순대,3,일단 맛은 있습니다 하지만 너무비싸다 재구매의사 없음!! (식당 자리비도 없는데 이가격?),"유통기한꽤 남았어요,포장꼼꼼해요,맛 만족도맛있어요,",20240906
60,선택: 기본(머리고기+내장+순대),5,"옛날에 할머니 손잡고 시장가서 먹었던 그 맛이예요,,,,다데기가 일품입니다","유통기한아주 넉넉해요,포장꼼꼼해요,맛 만족도맛있어요,",20240905
61,선택: 기본(머리고기+내장+순대),5,벌써 몇번째 재구매인지 몰라요 ㅎㅎ 얼큰순대국 기본 그대로 먹는게 젤 맛나요! 다대기 빼고 먹어봣는데 . 아이들이 먹기는 좋지만 어른입맛에는 슴슴하더라구요 토종순대 씹는 식감도 넘 맛잇음+_+,"유통기한아주 넉넉해요,포장꼼꼼해요,맛 만족도맛있어요,",20240905
62,선택: 기본(머리고기+내장+순대),5,여기는 맛이 좋아요.,"유통기한아주 넉넉해요,포장꼼꼼해요,맛 만족도맛있어요,",20240905
63,선택: 기본(머리고기+내장+순대),5,맛있어요 멋있어요.,"유통기한아주 넉넉해요,포장꼼꼼해요,맛 만족도맛있어요,",20240905
64,선택: 살코기+순대,5,맛있어요 멋있어요 .,"유통기한아주 넉넉해요,포장꼼꼼해요,맛 만족도맛있어요,",20240905
65,선택: 기본(머리고기+내장+순대),5,우리 애가 이제까지 먹었던 순대국 중에 최고라고 엄지 척이랍니다 연일 달아서 먹고 있어요,"유통기한아주 넉넉해요,포장꼼꼼해요,맛 만족도맛있어요,",20240905
66,선택: 순대만,5,순대국맛나요 ㅎㅎㅎ,"유통기한꽤 남았어요,포장꼼꼼해요,맛 만족도맛있어요,",20240905
67,선택: 살코기+순대,5,얼큰하니 맛있어요! 배송이 오래 걸렸지만 미리 말씀주셔서 괜찮았지만.... 순대국 하나에 순대없이 고기만 있는게 있었더라구요^^;;마침 남편이 먹어서 원래 그런줄 알았다고..ㅋㅋ 그래도 고기가 남편이 좋아하는 살코기로 있어서 좋았다고 합니다^^;; 전 최근 집밥 먹을 일이 없다 오늘 먹으며 이야길 들어서..ㅎㅎㅎ 사진은 제가 먹은 순대만 있는 걸로 찍었는데 맛나요 ㅎㅎㅎ,"유통기한꽤 남았어요,포장적당해요,맛 만족도맛있어요,",20240905
68,선택: 기본(머리고기+내장+순대),5,만족 합니다 다음에도 재구매 의사 있습니다,"유통기한아주 넉넉해요,포장꼼꼼해요,맛 만족도맛있어요,",20240904
69,선택: 살코기+순대,5,고기도 듬뿍들었고 맛있습니다 특히 뽀얀 국물과 소스가 예술인데 맵찔이들은 반만넣어드세요 같이 온 새우젓도 맜있어요 간이 어느정도 되있으니 국물을 마셔보고 맞추시면 정말 맛있게 먹을수있답니다,"유통기한아주 넉넉해요,포장꼼꼼해요,맛 만족도맛있어요,",20240904
70,선택: 순대만,5,국밥중에 제일 맛있어요,"유통기한아주 넉넉해요,포장꼼꼼해요,맛 만족도맛있어요,",20240903
71,선택: 기본(머리고기+내장+순대),5,국밥중에 제일 맛있어요,"유통기한아주 넉넉해요,포장꼼꼼해요,맛 만족도맛있어요,",20240903
72,선택: 기본(머리고기+내장+순대),5,칼칼한 맛이 일품입니다. 냉동실에 넣어놨다가 비상식량으로 먹기 좋아요,"유통기한아주 넉넉해요,포장꼼꼼해요,맛 만족도맛있어요,",20240903
73,선택: 순대만,5,아이들도 잘 먹어요 양념장은 조절해야 합니다.,"유통기한꽤 남았어요,포장꼼꼼해요,맛 만족도맛있어요,",20240903
74,선택: 기본(머리고기+내장+순대),5,매콤하니양이많아요 최고,"유통기한아주 넉넉해요,포장꼼꼼해요,맛 만족도맛있어요,",20240903
75,선택: 살코기+순대,5,역시기대저버리지않네요 또구매합니다,"유통기한아주 넉넉해요,포장꼼꼼해요,맛 만족도맛있어요,",20240903
76,선택: 기본(머리고기+내장+순대),5,너무 맛있게 잘 먹었습니다! 조리방법도 그냥 끓이기만 해서 간편하고 너무 맛있어요! 다음에 또 주문하겠습니다!,"유통기한아주 넉넉해요,포장꼼꼼해요,맛 만족도맛있어요,",20240903
77,선택: 기본(머리고기+내장+순대),5,빠른배송 꼼꼼한 포장 좋아용,"유통기한아주 넉넉해요,포장꼼꼼해요,맛 만족도맛있어요,",20240903
78,선택: 기본(머리고기+내장+순대),5,순대국 주문한거중에서는 최고,"유통기한꽤 남았어요,포장꼼꼼해요,맛 만족도맛있어요,",20240903
79,선택: 기본(머리고기+내장+순대),5,육수 양이 조금 아쉽지만 맛이 좋아요. 내장보단 고기 비율이 높은 순대국을 좋아하는데 개인적으론 약간 아쉽습니다. 국물은 아주 훌륭해요. 많이 파세요.,"맛 만족도평범해요,유통기한꽤 남았어요,포장적당해요,",20240903
80,선택: 기본(머리고기+내장+순대),5,양도 푸짐 ! 얼큰해서 맛나용 ㅎㅎ,"유통기한아주 넉넉해요,포장꼼꼼해요,맛 만족도맛있어요,",20240903
81,선택: 기본(머리고기+내장+순대),5,리뷰보고 구매했어요 역시나 진하고 양이 풍부햅니다 맛있어요,"유통기한꽤 남았어요,포장꼼꼼해요,맛 만족도맛있어요,",20240902
82,선택: 기본(머리고기+내장+순대),5,또 구매해요 ㅋㅋ잴루 맛나요!,"유통기한아주 넉넉해요,포장꼼꼼해요,맛 만족도맛있어요,",20240902
83,선택: 기본(머리고기+내장+순대),5,너무 맛있게 먹어서 재주문 입니다 순대가 정말 맛있어요 다 먹으면 또 주문할께요,"유통기한아주 넉넉해요,포장꼼꼼해요,맛 만족도맛있어요,",20240902
84,선택: 살코기+순대,5,포장깔끔하고 재료 풍성하고 맛도 좋아요!,"유통기한꽤 남았어요,포장꼼꼼해요,맛 만족도맛있어요,",20240901
85,선택: 기본(머리고기+내장+순대),5,칼칼하고 맛있어서 대만족합니다.,"유통기한꽤 남았어요,포장꼼꼼해요,맛 만족도맛있어요,",20240901
86,선택: 기본(머리고기+내장+순대),5,아주 맛있게 4인가족이서 잘먹고있어요,"유통기한아주 넉넉해요,포장꼼꼼해요,맛 만족도맛있어요,",20240901
87,선택: 살코기+순대,5,아주맛있케 칼칼하게 잘먹고있습니다,"유통기한아주 넉넉해요,포장꼼꼼해요,맛 만족도맛있어요,",20240901
88,선택: 순대만,5,아주 칼칼하게 맛있게 먹고있어요,"유통기한아주 넉넉해요,포장꼼꼼해요,맛 만족도맛있어요,",20240901
89,선택: 기본(머리고기+내장+순대),5,그냥 맛있음 계속 구매할듯,"유통기한아주 넉넉해요,포장꼼꼼해요,맛 만족도맛있어요,",20240901
90,선택: 기본(머리고기+내장+순대),5,맛있어서 재구매했어요 한그릇하면 든든합니다,"유통기한아주 넉넉해요,포장꼼꼼해요,맛 만족도맛있어요,",20240901
91,선택: 기본(머리고기+내장+순대),5,항상 잘 먹고 있습니다,"유통기한아주 넉넉해요,포장꼼꼼해요,맛 만족도맛있어요,",20240901
92,선택: 기본(머리고기+내장+순대),5,배송 좀 걸려었어 그래도 갠찬아요 진짜 맛있어요,"유통기한아주 넉넉해요,포장꼼꼼해요,맛 만족도맛있어요,",20240901
93,선택: 기본(머리고기+내장+순대),5,맛있게 잘 먹었습니다~^^,"유통기한아주 넉넉해요,포장꼼꼼해요,맛 만족도맛있어요,",20240901
94,선택: 기본(머리고기+내장+순대),5,잘 먹었습니다..#,"유통기한아주 넉넉해요,포장꼼꼼해요,맛 만족도맛있어요,",20240901
95,선택: 기본(머리고기+내장+순대),5,좋아요좋아요좋아요좋아요좋아요좋아요좋아요좋아요좋아요,"유통기한아주 넉넉해요,포장꼼꼼해요,맛 만족도맛있어요,",20240831
96,선택: 기본(머리고기+내장+순대),5,아들이 순대국 좋아해서 시켰는데 맛있다네요. 끓인 사진은 먹기 바빠서 못찍었어요ㅎㅎ,"유통기한꽤 남았어요,포장꼼꼼해요,맛 만족도맛있어요,",20240831
97,선택: 기본(머리고기+내장+순대),4,간편하게 먹기 좋아요,"맛 만족도평범해요,유통기한아주 넉넉해요,포장적당해요,",20240831
98,선택: 기본(머리고기+내장+순대),5,매콤하고 양도푸짐하고 맛있어요~^^,"유통기한아주 넉넉해요,포장꼼꼼해요,맛 만족도맛있어요,",20240831
99,선택: 기본(머리고기+내장+순대),5,4번째 재주문!!!!!!!!!!!!,"유통기한꽤 남았어요,포장적당해요,맛 만족도맛있어요,",20240831
100,선택: 기본(머리고기+내장+순대),5,순대국 이거 넘 맛있어요 부추만 추가해서 먹으면 개꿀맛 소주3병이 줄줄,"유통기한아주 넉넉해요,포장꼼꼼해요,맛 만족도맛있어요,",20240830
101,선택: 기본(머리고기+내장+순대),5,크~ 술이 없지어지네요,"유통기한아주 넉넉해요,포장꼼꼼해요,맛 만족도맛있어요,",20240830
102,선택: 기본(머리고기+내장+순대),5,"진짜 맛있네요 새우젓,들깨가루도 주고","유통기한아주 넉넉해요,포장꼼꼼해요,맛 만족도맛있어요,",20240830
103,선택: 살코기+순대,5,집근처 맛집 국밥은 많은데 순대국밥은 여기못따라갑니다 !!,"유통기한아주 넉넉해요,포장꼼꼼해요,맛 만족도맛있어요,",20240830
104,선택: 기본(머리고기+내장+순대),5,저번에 맛있게 먹고 잊고있다가 재주문했어요! 요거하나면 저녁메뉴 걱정끝!,"유통기한아주 넉넉해요,포장꼼꼼해요,맛 만족도맛있어요,",20240830
105,선택: 기본(머리고기+내장+순대),5,잘받았습니다 빠른배송감사합니다,"유통기한아주 넉넉해요,포장꼼꼼해요,맛 만족도맛있어요,",20240830
106,선택: 살코기+순대,5,너무맛있게먹었어요 또주문할께요,"유통기한아주 넉넉해요,포장꼼꼼해요,맛 만족도맛있어요,",20240830
107,선택: 살코기+순대,5,저희집 최애순대국입니다 남편이 엄청엄청 좋아해요 양념에서 고추 다빼고 맵기 조절하면 아이들도 한그릇 뚝딱해요 살고기도 부드럽고 맛있어요,"유통기한아주 넉넉해요,포장꼼꼼해요,맛 만족도맛있어요,",20240830
108,선택: 살코기+순대,5,맛있습니다 계속 시켜먹는 중,"유통기한아주 넉넉해요,포장꼼꼼해요,맛 만족도맛있어요,",20240830
109,선택: 기본(머리고기+내장+순대),4,음식점에서 먹는것보다 훨씬 맛나고 양도 많은 것 같아요. 새우젓으로 간을 하면 좀 짤듯하네요 .,"유통기한아주 넉넉해요,포장꼼꼼해요,맛 만족도맛있어요,",20240830
110,선택: 기본(머리고기+내장+순대),5,"재구매입니다. 배송시켜 먹어본 순대국 중에는 분명 가장 맛있지만. 11000원이라는 가격에 고개가 갸웃 했습니다. 식당에서 먹으면 밥에 반찬까지 포함되어 있는데, 그것도 빠지고, 배송비까지 생각하면 실제론 더 비싸다는 생각에, 추가 주문은 고민했었습니다. 맛은 어차피 고민거리가 아니고, 할인 가격이라고 하면 가성비도 최고라고 생각합니다.","유통기한아주 넉넉해요,포장꼼꼼해요,맛 만족도맛있어요,",20240830
111,선택: 기본(머리고기+내장+순대),5,이제 국밥집 안가도 될정도에요,"유통기한아주 넉넉해요,포장꼼꼼해요,맛 만족도맛있어요,",20240830
112,선택: 기본(머리고기+내장+순대),5,얼큰하고 깔끔핫 국물 너무 맛있어요,"유통기한아주 넉넉해요,포장꼼꼼해요,맛 만족도맛있어요,",20240829
113,선택: 기본(머리고기+내장+순대),5,두번째 주문입니다. 맛있게 잘 먹었습니다 ^^,"유통기한꽤 남았어요,포장꼼꼼해요,맛 만족도맛있어요,",20240829
114,선택: 살코기+순대,5,고기양도 많이 들어있고 국물이 얼큰해서 땀뻘뻘 흘리면서 맛있게 먹었어요. 한번씩 생각날것같아요. 담에 또 주문할께요.,"유통기한아주 넉넉해요,포장꼼꼼해요,맛 만족도맛있어요,",20240829
115,선택: 순대만,5,잘받았어요 잘 먹을게요,"유통기한아주 넉넉해요,포장꼼꼼해요,맛 만족도맛있어요,",20240829
116,선택: 살코기+순대,5,잘받았어요 잘 먹을게요,"유통기한아주 넉넉해요,포장꼼꼼해요,맛 만족도맛있어요,",20240829
117,선택: 기본(머리고기+내장+순대),5,냄새안나고 맛있네요 잘 먹을게요,"유통기한아주 넉넉해요,포장꼼꼼해요,맛 만족도맛있어요,",20240829
118,선택: 기본(머리고기+내장+순대),5,가족들이 넘 잘 먹어요,"유통기한아주 넉넉해요,포장꼼꼼해요,맛 만족도맛있어요,",20240828
119,선택: 살코기+순대,5,처음이라 딸아이한테 하나 보내줬는데 너무 맛있다거해요 이제 많이 시켜야겠어요,"유통기한아주 넉넉해요,포장꼼꼼해요,맛 만족도맛있어요,",20240828
120,선택: 순대만,5,좋네요 ~~~~~!,"유통기한꽤 남았어요,포장적당해요,맛 만족도맛있어요,",20240827
121,선택: 기본(머리고기+내장+순대),5,너무 맛있어서 재구매 했어요,"유통기한아주 넉넉해요,포장꼼꼼해요,맛 만족도맛있어요,",20240827
122,선택: 기본(머리고기+내장+순대),5,이제까지 맛본 순대국밥중 최고입니다 딸도 저도 완전 만족입니다 육수도 고기도 냄새없이 부드럽고 맛있어요 감사히 잘먹을게요,"유통기한꽤 남았어요,포장적당해요,맛 만족도맛있어요,",20240826
123,선택: 순대만,5,맛있어서담에또시켜먹어야죠,"유통기한아주 넉넉해요,포장꼼꼼해요,맛 만족도맛있어요,",20240826
124,선택: 기본(머리고기+내장+순대),5,양도 많고 맛도 좋습니다 1팩으로 2인도 먹을수있을꺼 같습니다. 밥과 함께요. 밥말아서 술국으로 먹기도 좋고. 간이 싱거우면 새우젖으로 간조절도 가능합니다. 고기에 냄새도 안나고 좋습니다,"유통기한아주 넉넉해요,포장꼼꼼해요,맛 만족도맛있어요,",20240825
125,선택: 순대만,4,잡내없이 깔끔하니 국물 한방울도 안남기고 다들 잘먹었어요,"유통기한꽤 남았어요,포장꼼꼼해요,맛 만족도맛있어요,",20240825
126,선택: 기본(머리고기+내장+순대),5,너무맛잇어요 홓ㅎ호허호,"유통기한꽤 남았어요,포장적당해요,맛 만족도맛있어요,",20240825
127,선택: 살코기+순대,5,양이 넉넉하고 맛있어요 건더기먹고 볶음밥도 만들어봤어요,"유통기한아주 넉넉해요,포장꼼꼼해요,맛 만족도맛있어요,",20240825
128,선택: 기본(머리고기+내장+순대),5,얼큰하고 맛있어요 남은 국물에 볶음밥도 도전해봤어요,"유통기한아주 넉넉해요,포장꼼꼼해요,맛 만족도맛있어요,",20240825
129,선택: 기본(머리고기+내장+순대),3,맛있어서 다시 주문했는데 날씨가 더워서그런지 아이스팩이 다 녹고 육수도 다 녹았네요.. 이런 무더위에는 포장하실때 아이스팩을 넉넉하게 넣어주시면 좋을거같아요.,"유통기한꽤 남았어요,포장별로예요,맛 만족도맛있어요,",20240825
130,선택: 살코기+순대,5,얼큰하고 맛있어요. 떨어지면 또 시킬께요,"유통기한꽤 남았어요,포장꼼꼼해요,맛 만족도맛있어요,",20240825
131,선택: 기본(머리고기+내장+순대),5,한번주문하고 맛있어서 세번째 주문한겁니다.,"유통기한아주 넉넉해요,포장꼼꼼해요,맛 만족도맛있어요,",20240824
132,선택: 기본(머리고기+내장+순대),5,먹어보고 너무 맛있어서 재구매 했습니다. 진짜 맛있어요!,"유통기한아주 넉넉해요,포장꼼꼼해요,맛 만족도맛있어요,",20240824
133,선택: 살코기+순대,5,늘 맛있게 먹고 있습니다 ㅎㅎ,"유통기한아주 넉넉해요,포장적당해요,맛 만족도맛있어요,",20240824
134,선택: 기본(머리고기+내장+순대),5,건더기양이 장난 아니네요~♡ 시장에 가면 한번씩 먹던 그 맛~ 2팩 뜯어서 3명이 푸짐하게 먹었습니다 다대기는 다 넣으면 짜니 적당히 넣으세요~,"유통기한꽤 남았어요,포장꼼꼼해요,맛 만족도맛있어요,",20240823
135,선택: 기본(머리고기+내장+순대),5,건더기 많습니다. 이 가격에 이정도면 최고네요,"유통기한아주 넉넉해요,포장꼼꼼해요,맛 만족도맛있어요,",20240823
136,선택: 살코기+순대,5,든든하고 맛있는 순대국밥 간편하고 맛있어요.,"유통기한아주 넉넉해요,포장꼼꼼해요,맛 만족도맛있어요,",20240823
137,선택: 기본(머리고기+내장+순대),4,맛있어요 애들도 좋아하고 다만 다 녹아서 와서 별하나 뺐어요 너무 더워 그렇겠지요,"유통기한아주 넉넉해요,포장꼼꼼해요,맛 만족도맛있어요,",20240823
138,선택: 기본(머리고기+내장+순대),5,푸짐하고 맛있어요.,"유통기한아주 넉넉해요,포장꼼꼼해요,맛 만족도맛있어요,",20240823
139,선택: 기본(머리고기+내장+순대),5,푸짐하고 맛있어요.,"유통기한아주 넉넉해요,포장꼼꼼해요,맛 만족도맛있어요,",20240823
140,선택: 기본(머리고기+내장+순대),5,내용량 많고 맛도 좋아요,"유통기한아주 넉넉해요,포장꼼꼼해요,맛 만족도맛있어요,",20240823
141,선택: 기본(머리고기+내장+순대),5,맛있게잘먹고 할인해서 재구매했어요,"유통기한꽤 남았어요,포장꼼꼼해요,맛 만족도맛있어요,",20240822
142,선택: 기본(머리고기+내장+순대),5,우리 아들이 좋아하는 음식,"유통기한아주 넉넉해요,포장꼼꼼해요,맛 만족도맛있어요,",20240822
143,선택: 기본(머리고기+내장+순대),5,덕분에 맛있게 잘먹었습니다,"유통기한아주 넉넉해요,포장꼼꼼해요,맛 만족도맛있어요,",20240822
144,선택: 살코기+순대,5,오자마자 먹었는데 개맛있음,"유통기한아주 넉넉해요,포장꼼꼼해요,맛 만족도맛있어요,",20240822
145,선택: 기본(머리고기+내장+순대),5,도착하자마자 하나 먹었는데 어중간한 국밥집 직접 가서 먹는거보다 맛있음 가격생각해도 맛있음 매운거 못먹는사람 조금 매울듯,"유통기한아주 넉넉해요,포장꼼꼼해요,맛 만족도맛있어요,",20240822
146,선택: 기본(머리고기+내장+순대),5,지난번 주문해서 먹어보고 재구매했어요..고기양이 장난아니게 많이들어있고 다대기취양껏 넣어드심 끝내주게 맛있어요,"유통기한아주 넉넉해요,포장꼼꼼해요,맛 만족도맛있어요,",20240822
147,선택: 기본(머리고기+내장+순대),5,s너무 좋아요. 어머님이 너무 좋아하시묘,"유통기한아주 넉넉해요,포장꼼꼼해요,맛 만족도맛있어요,",20240822
148,선택: 기본(머리고기+내장+순대),5,맛있어요 맛있어용.,"유통기한아주 넉넉해요,포장꼼꼼해요,맛 만족도맛있어요,",20240822
149,선택: 기본(머리고기+내장+순대),5,맛있어요 맛있어용.,"유통기한아주 넉넉해요,포장꼼꼼해요,맛 만족도맛있어요,",20240822
150,선택: 살코기+순대,5,맛있어요 맛있어용.,"유통기한아주 넉넉해요,포장꼼꼼해요,맛 만족도맛있어요,",20240822
151,선택: 기본(머리고기+내장+순대),5,맛있어요 맛있어용.,"유통기한아주 넉넉해요,포장꼼꼼해요,맛 만족도맛있어요,",20240822
152,선택: 기본(머리고기+내장+순대),5,깔끌한 포장 아주 좋아요,"유통기한아주 넉넉해요,포장꼼꼼해요,맛 만족도맛있어요,",20240822
153,선택: 살코기+순대,5,깔끌한 포장 아주 좋아요,"유통기한아주 넉넉해요,포장꼼꼼해요,맛 만족도맛있어요,",20240822
154,선택: 기본(머리고기+내장+순대),5,순대국밥은 이집이 제일 맛있어요,"유통기한아주 넉넉해요,포장꼼꼼해요,맛 만족도맛있어요,",20240821
155,선택: 순대만,5,순대국밥은 이집이 최고 맛집,"유통기한아주 넉넉해요,포장꼼꼼해요,맛 만족도맛있어요,",20240821
156,선택: 살코기+순대,5,저희집 아들들이 좋아하는 순대국 인×식탁에서 부산 몽×돼지국밥..대×돼지국밥..다 시켜 먹어봤습니다..이곳을 알기전에 대×순대국이 제일 맛있다고 했는데 지금은 대×순대국은 뒷전으로 밀리고 이집것만 먹어요..대×순대국이 남아있는데도 안먹어 재주문만 벌써 3번째 한번 구매할때마다 10개씩 주문해도 아들이 셋이라 10개주문해도 몇일지나면 없네요...그래서 할인행사 날짜 알람까지 설정해 놓고 구매할정도 입니다...,"유통기한아주 넉넉해요,포장꼼꼼해요,맛 만족도맛있어요,",20240821
157,선택: 살코기+순대,5,솔직히 밀키트라 별 기대 안했는데 사먹는것보다 맛있네요....아내도 맛있다고 싹싹 긁어먹었어요 가격이 좀 나가지만 재구매 의사 만퍼입니다,"유통기한꽤 남았어요,포장적당해요,맛 만족도맛있어요,",20240821
158,선택: 기본(머리고기+내장+순대),5,"머리고기와 내장 좋아하는 신랑 위해 주문했는데 맛있다고 잘 먹었어요 순대,살코기도 같이 주문해서 섞어 끓이니 더 좋네요","유통기한아주 넉넉해요,포장꼼꼼해요,맛 만족도맛있어요,",20240821
159,선택: 살코기+순대,5,정말 맛있어서 아이들이 또 사달라고하네요 아무것도 놓지 않아도 국물 간이 잘 맞고 순대 고기 양이 많아서 푸짐해요 새우젓 들깨가루 다대기양념 따로 깔끔하게 포장 되어있어 기호에따라 추가해서 먹으면 돼요 아이들은 순한맛으로 어른은 다대기양념 넣어서 먹었는데 청양고추가 들어있어 얼큰하고 맛있어요,"유통기한아주 넉넉해요,포장꼼꼼해요,맛 만족도맛있어요,",20240821
160,선택: 기본(머리고기+내장+순대),5,라이브 보고 주문했는데 맛있었습니다,"유통기한아주 넉넉해요,포장꼼꼼해요,맛 만족도맛있어요,",20240821
161,선택: 순대만,5,라이브 보고 주문했는데 맛있었습니다,"유통기한아주 넉넉해요,포장꼼꼼해요,맛 만족도맛있어요,",20240821
162,선택: 살코기+순대,5,포장깔끔하고 맛있어요..,"유통기한꽤 남았어요,포장꼼꼼해요,맛 만족도맛있어요,",20240820
163,선택: 기본(머리고기+내장+순대),5,포장깔끔하고 맛있어요..,"유통기한꽤 남았어요,포장꼼꼼해요,맛 만족도맛있어요,",20240820
164,선택: 기본(머리고기+내장+순대),5,너무 맛있어서 10개씩 우리집 친정 시댁 각집에 보냈는데…저희집은 배달이 늦게오는바람에..다 녹아서 왔어요ㅠㅠ,"유통기한꽤 남았어요,포장꼼꼼해요,맛 만족도맛있어요,",20240820
165,선택: 기본(머리고기+내장+순대),5,너무 맛있어요 같이 일하는 직원의 추천으로 먹어봤는데 순댓국 여기가 최고입니다,"유통기한아주 넉넉해요,포장꼼꼼해요,맛 만족도맛있어요,",20240820
166,선택: 살코기+순대,5,지인이 줘서 먹어보고 맛있어서 시켰어요,"유통기한꽤 남았어요,포장적당해요,맛 만족도맛있어요,",20240820
167,선택: 기본(머리고기+내장+순대),5,잘받았습니다 기대하고있습니다,"유통기한아주 넉넉해요,포장꼼꼼해요,맛 만족도맛있어요,",20240820
168,선택: 살코기+순대,5,재구매 입니다 애들이 찾아요,"유통기한아주 넉넉해요,포장꼼꼼해요,맛 만족도맛있어요,",20240820
169,선택: 살코기+순대,5,잘받았습니다 잘먹을께요,"유통기한아주 넉넉해요,포장꼼꼼해요,맛 만족도맛있어요,",20240820
170,선택: 순대만,5,잘받았습니다 잘먹을께요 재주문해요,"유통기한아주 넉넉해요,포장꼼꼼해요,맛 만족도맛있어요,",20240820
171,선택: 기본(머리고기+내장+순대),5,"오 제가 찾던 그맛 입니다. 타사 제품도 많이 먹어봤지만 제 입맛에 여기가 딱이네요, 해장으로 먼저 먹어봤는데 얼큰하니 좋네요, 앞으로 여기로 픽 하겠습니다. 잘 먹을게요^^","유통기한아주 넉넉해요,포장꼼꼼해요,맛 만족도맛있어요,",20240819
172,선택: 살코기+순대,5,"오 제가 찾던 그맛 입니다. 타사 제품도 많이 먹어봤지만 제 입맛에 여기가 딱이네요, 해장으로 먼저 먹어봤는데 얼큰하니 좋네요, 앞으로 여기로 픽 하겠습니다. 잘 먹을게요^^","유통기한아주 넉넉해요,포장꼼꼼해요,맛 만족도맛있어요,",20240819
173,선택: 기본(머리고기+내장+순대),5,너무 맛있어서 10팩 더 구매하러 들어옴~~ 매운거 좋아지면 무조건 박수칠꺼임ㅎ,"유통기한아주 넉넉해요,포장꼼꼼해요,맛 만족도맛있어요,",20240818
174,선택: 순대만,5,일주일정도 걸려서 받았는데 기다린 보람이 있습니다 날이 워낙 더워 제품은 다 녹아왔지만 양도 많고 너무 맛있게 잘 먹었습니다 재구매하러 또 오겠습니다 👍🏻👍🏻👍🏻👍🏻👍🏻👍🏻,"유통기한아주 넉넉해요,포장꼼꼼해요,맛 만족도맛있어요,",20240818
175,선택: 기본(머리고기+내장+순대),5,유튜버 소개로 구매하게 됐습니다 주문하고 일주일정도 걸렸구요 기다린 시간이 아깝지 않네요 너무 맛있게 잘 먹었습니다 재구매하러 금방 오겠습니다 👍🏻👍🏻👍🏻👍🏻👍🏻👍🏻,"유통기한아주 넉넉해요,포장꼼꼼해요,맛 만족도맛있어요,",20240818
176,선택: 기본(머리고기+내장+순대),5,또 10개 주문했네요~ 순대국 때문에 술이 늘었어요~해장하려고 먹었다가 해장술을 먹게된다는 순대국~ 너무 얼큰하고 잡내없이 맛있어요,"유통기한아주 넉넉해요,포장꼼꼼해요,맛 만족도맛있어요,",20240818
177,선택: 기본(머리고기+내장+순대),5,또 주문하려고 들어왔다가 후기써요~지인 추천했더니 30개나 구입했다네요ㅎ친청식구10개 시댁식구10개 자기네들 10개~ ㅋㅋ 그정도로 맛있고 맵고 좋아요~얼큰 매니아들 강추,"유통기한아주 넉넉해요,포장꼼꼼해요,맛 만족도맛있어요,",20240818
178,선택: 기본(머리고기+내장+순대),5,잘 이용하고 있습니다.,"유통기한아주 넉넉해요,포장꼼꼼해요,맛 만족도맛있어요,",20240818
179,선택: 기본(머리고기+내장+순대),5,순대가 확실히 맛있네요,"맛 만족도평범해요,유통기한꽤 남았어요,포장적당해요,",20240817
180,선택: 기본(머리고기+내장+순대),5,저번에 먹어보고 너무 맛있어서 또 주문했어요 얼큰한 국물에 쫄깃쫄깃 고기에 굿~~,"유통기한꽤 남았어요,포장적당해요,맛 만족도맛있어요,",20240817
181,선택: 기본(머리고기+내장+순대),5,비슷한맛을 가지고있는단골식당이 차로15분거리에있는데주차도힘들고아이데리고가기불편해서 주문했어요,"유통기한아주 넉넉해요,포장꼼꼼해요,맛 만족도맛있어요,",20240817
182,선택: 살코기+순대,5,너무 좋아요 ㅎㅎㅎ,"유통기한꽤 남았어요,포장꼼꼼해요,맛 만족도맛있어요,",20240817
183,선택: 순대만,3,순대양 턱없이 부족함 추가 순대 할수있도록 해주시던지 ㅜ 너무 판매자 입장에서만 판매하시는건 아닌지,"맛 만족도평범해요,유통기한꽤 남았어요,포장적당해요,",20240817
184,선택: 기본(머리고기+내장+순대),3,순대랑 내장 양좀 늘려주세요ㅜ 국물은 많고 ᆢ 지난번처럼 추가 순대랑 추가 내장 좀 해주시고 ᆢ,"맛 만족도평범해요,유통기한꽤 남았어요,포장적당해요,",20240817
185,선택: 순대만,4,지난번 맛있게 먹어주문했는데 추가 순대 추가 곱창 이런게 없어져서 본품만 주문했는데 역시나 순대 내장양 넘 부족해요 ㅜ,"맛 만족도평범해요,유통기한꽤 남았어요,포장꼼꼼해요,",20240817
186,선택: 살코기+순대,5,맛도좋고 양도많아요~ 주변에 열심히 추천하고있어요~ 친정식구들도 구매해서 맛있다고 하네요~ 다음에 또주문할께요^^,"유통기한아주 넉넉해요,포장꼼꼼해요,맛 만족도맛있어요,",20240816
187,선택: 살코기+순대,5,인생 순대국;;;;;;;;;;; 절대로 라면 사리 넣어서 드세요. 강추합니다.,"유통기한아주 넉넉해요,포장꼼꼼해요,맛 만족도맛있어요,",20240816
188,선택: 기본(머리고기+내장+순대),5,벌써 3번째 구매입니다 남편이 순대국은 여기가 젤 맛있다고하네요~,"유통기한아주 넉넉해요,포장꼼꼼해요,맛 만족도맛있어요,",20240816
189,선택: 기본(머리고기+내장+순대),5,아빠꺼랑제꺼만산건데 무척맛있네요 : ),"유통기한꽤 남았어요,포장적당해요,맛 만족도맛있어요,",20240816
190,선택: 살코기+순대,5,재구매각입니다~~!! 적당히얼큰하고~ 실하고 너무 맛나게 잘먹었습니다~ 쟁겨야할1순위로급부상,"유통기한아주 넉넉해요,포장꼼꼼해요,맛 만족도맛있어요,",20240816
191,선택: 살코기+순대,5,맛있어요 순대가 정말 맛있네용,"유통기한꽤 남았어요,포장적당해요,맛 만족도맛있어요,",20240815
192,선택: 기본(머리고기+내장+순대),5,얼큰 칼칼하고 잡내도 없으면서 아주 맛있어요. 보자마자 남편님은 이슬이 생각난다고 맛있겠다면서 잘 샀다고 칭찬하시네요. 담에는 골고루 사서 전골로 먹어보려고요~ 매운 다대기라 이 집이 딱 우리집 입맛에 맞춤이에요. 이제 순대국도 인생식탁에 정착!,"유통기한아주 넉넉해요,포장꼼꼼해요,맛 만족도맛있어요,",20240815
193,선택: 순대만,5,얼큰 칼칼하고 잡내도 없으면서 아주 맛있어요. 저는 다대기만 다 넣고 끓이고 들깨와 새우젓 안넣었는데도 간이 맞았어요. 순대만은 2개 샀는데 더 살걸 후회되네요. 담에는 골고루 왕창 사봐야겠어요~^^ 이제 순대국도 인생식탁에 정착!,"유통기한꽤 남았어요,포장꼼꼼해요,맛 만족도맛있어요,",20240815
194,선택: 기본(머리고기+내장+순대),4,처음으로 주문해 봅니다. 먹고 좋으면 재구매하겠습니다.,"유통기한꽤 남았어요,포장적당해요,맛 만족도맛있어요,",20240815
195,선택: 순대만,4,처음으로 주문해 봅니다. 먹고 좋으면 재구매하겠습니다.,"유통기한꽤 남았어요,포장적당해요,맛 만족도맛있어요,",20240815
196,선택: 기본(머리고기+내장+순대),5,맛있습니다 !!!!!!,"유통기한아주 넉넉해요,포장적당해요,맛 만족도맛있어요,",20240815
197,선택: 살코기+순대,5,11000원일때 먹고 두번째 입니다. 가격은 내렸고 맵기도 좀 내려갔네요. 먹기엔 더 편합니다.,"유통기한아주 넉넉해요,포장꼼꼼해요,맛 만족도맛있어요,",20240815
198,선택: 순대만,5,순대만은 처음 인데 양이 넉넉하네요! 두번째인데 맵기가 좀 약해졌네요ㅎ,"유통기한아주 넉넉해요,포장꼼꼼해요,맛 만족도맛있어요,",20240815
199,선택: 살코기+순대,5,부모님이 맛있다내요,"유통기한아주 넉넉해요,포장꼼꼼해요,맛 만족도맛있어요,",20240815
200,선택: 기본(머리고기+내장+순대),5,부모님이 맛있다네요,"유통기한아주 넉넉해요,포장적당해요,맛 만족도맛있어요,",20240815
201,선택: 기본(머리고기+내장+순대),5,맛이 깊네요강추합니다,"유통기한아주 넉넉해요,포장꼼꼼해요,맛 만족도맛있어요,",20240814
202,선택: 살코기+순대,5,잡냄새 안나고 칼칼한게 너무 맛있어요 2명이서 먹었는데 양도 괜찮네요 재구매 확정,"유통기한임박상품이에요,포장적당해요,맛 만족도맛있어요,",20240814
203,선택: 기본(머리고기+내장+순대),5,푸짐하고 맛있네요 !!,"유통기한아주 넉넉해요,포장꼼꼼해요,맛 만족도맛있어요,",20240814
204,선택: 살코기+순대,5,양도 푸짐하고 맛있네요 !,"유통기한아주 넉넉해요,포장꼼꼼해요,맛 만족도맛있어요,",20240814
205,선택: 기본(머리고기+내장+순대),5,포장도깔끔하고 진짜 맛있어요 진짜 최고맛있어요,"유통기한아주 넉넉해요,포장꼼꼼해요,맛 만족도맛있어요,",20240813
206,선택: 기본(머리고기+내장+순대),5,저렴하게 구입 한거같아 만족합니다 ㅎㅎ 다음에 또 이용할께요 감사합니다,"유통기한아주 넉넉해요,포장꼼꼼해요,맛 만족도맛있어요,",20240813
207,선택: 기본(머리고기+내장+순대),5,급할때 아이 밥 챙겨줄수 있어 좋아요,"유통기한아주 넉넉해요,포장꼼꼼해요,맛 만족도맛있어요,",20240813
208,선택: 기본(머리고기+내장+순대),5,배송이 빠르고 포장도 꼼꼼해요,"유통기한아주 넉넉해요,포장꼼꼼해요,맛 만족도맛있어요,",20240813
209,선택: 살코기+순대,5,진짜 너무 맛있게 먹었습니다!,"유통기한아주 넉넉해요,포장꼼꼼해요,맛 만족도맛있어요,",20240813
210,선택: 기본(머리고기+내장+순대),4,기대치가 너무 높았나 봅니다. 맛집 수준이라기 보단 흔히 먹을 수 있는 평범한 순대국 수준이었어요. 내용물도 가격대비 평범한 수준이었다고 생각합니다.,"맛 만족도평범해요,유통기한아주 넉넉해요,포장꼼꼼해요,",20240813
211,선택: 기본(머리고기+내장+순대),5,빠른배송 감사드립니다,"맛 만족도평범해요,유통기한꽤 남았어요,포장적당해요,",20240813
212,선택: 살코기+순대,5,매콤하니 맛있어요! 다대기는 다 끙ㅎ이고 먹어요,"유통기한아주 넉넉해요,포장꼼꼼해요,맛 만족도맛있어요,",20240811
213,선택: 기본(머리고기+내장+순대),5,순대국 좋아하는 우리 가족 넘 맛있네요~ 또시킬게요,"유통기한아주 넉넉해요,포장꼼꼼해요,맛 만족도맛있어요,",20240811
214,선택: 기본(머리고기+내장+순대),5,"재구매, 집 주변 식당보다 맛있습니다","유통기한아주 넉넉해요,포장꼼꼼해요,맛 만족도맛있어요,",20240811
215,선택: 기본(머리고기+내장+순대),5,흑백리뷰보고 시켰는데...,"맛 만족도평범해요,유통기한꽤 남았어요,포장별로예요,",20240811
216,선택: 살코기+순대,5,맛있어요 위생적이구요 끝,"유통기한꽤 남았어요,포장꼼꼼해요,맛 만족도맛있어요,",20240810
217,선택: 살코기+순대,5,좀 늦게 받았지만 배송 잘되었습니다! 맛있어요!,"유통기한꽤 남았어요,포장꼼꼼해요,맛 만족도맛있어요,",20240809
218,선택: 기본(머리고기+내장+순대),5,음식이 참 맛있습니다!!,"유통기한꽤 남았어요,포장적당해요,맛 만족도맛있어요,",20240809
219,선택: 기본(머리고기+내장+순대),5,맛있어서 항상 주문합니다.,"유통기한아주 넉넉해요,포장꼼꼼해요,맛 만족도맛있어요,",20240809
220,선택: 기본(머리고기+내장+순대),3,얼큰하고 맛 좋내요,"맛 만족도평범해요,유통기한꽤 남았어요,포장적당해요,",20240809
221,선택: 살코기+순대,5,두번째 구매해서 먹는중 포장도 꼼꼼히 잘해 주심,"유통기한아주 넉넉해요,포장꼼꼼해요,맛 만족도맛있어요,",20240809
222,선택: 기본(머리고기+내장+순대),5,맛있어요 이 더운 여름 한그릇 먹으니 땀나고 좋아요,"유통기한아주 넉넉해요,포장적당해요,맛 만족도맛있어요,",20240809
223,선택: 기본(머리고기+내장+순대),5,저번보다는 빨리 온 듯합니타.맛있케 잘 먹을께요~,"유통기한꽤 남았어요,포장꼼꼼해요,맛 만족도맛있어요,",20240808
224,선택: 기본(머리고기+내장+순대),5,"처음에 가격보고 조금 의아하긴 했는데 시켜보고 맛보니 충분한 금액책정이라 생각합니다. 맛은 내용물 조정을 통하여 입맛따라 조리할 수 있고 메인이되는 순대, 고기양 또한 넉넉해서 국처럼 먹는다면 3~4끼 분량은 나옵니다! 맛있게 잘먹었습니다","유통기한아주 넉넉해요,포장꼼꼼해요,맛 만족도맛있어요,",20240808
225,선택: 기본(머리고기+내장+순대),5,너무 맛있어요. 재구매 합니다.,"유통기한아주 넉넉해요,포장꼼꼼해요,맛 만족도맛있어요,",20240808
226,선택: 순대만,4,맛있게 잘 먹었으나 가성비가 떨어지는것 같아 재구매는 안할것 같아요,"맛 만족도평범해요,유통기한꽤 남았어요,포장적당해요,",20240808
227,선택: 살코기+순대,5,좋아요! 잘 먹고 있어요~,"유통기한꽤 남았어요,포장꼼꼼해요,맛 만족도맛있어요,",20240807
228,선택: 기본(머리고기+내장+순대),5,좋아요! 잘 먹고 있어요~,"유통기한꽤 남았어요,포장꼼꼼해요,맛 만족도맛있어요,",20240807
229,선택: 기본(머리고기+내장+순대),5,역쉬 정말 맛있어요 몇번째시켰나몰라요 친구한테도 소개시켜줬는데 친구도 입맛에 맞다해서 뿌듯뿌듯 또 쟁여놓은거 먹고나면 주문할께요,"유통기한꽤 남았어요,포장꼼꼼해요,맛 만족도맛있어요,",20240807
230,선택: 기본(머리고기+내장+순대),5,너무 맛있고 아이들까지 잘 먹습니다,"유통기한아주 넉넉해요,포장꼼꼼해요,맛 만족도맛있어요,",20240807
231,선택: 기본(머리고기+내장+순대),5,3팩 주문했고 해장으로 먹어봤는데 아주 맛있습니다,"유통기한아주 넉넉해요,포장꼼꼼해요,맛 만족도맛있어요,",20240806
232,선택: 살코기+순대,5,싸고 내용물 실해요,"유통기한아주 넉넉해요,포장꼼꼼해요,맛 만족도맛있어요,",20240806
233,선택: 순대만,5,싸고 양 많고 맛있어요,"유통기한아주 넉넉해요,포장꼼꼼해요,맛 만족도맛있어요,",20240806
234,선택: 살코기+순대,5,맛있어요 다음에 재구매할게요,"유통기한아주 넉넉해요,포장꼼꼼해요,맛 만족도맛있어요,",20240806
235,선택: 기본(머리고기+내장+순대),4,큰아들이순대국먹고시ㅃ다면여기서주문,"유통기한꽤 남았어요,포장적당해요,맛 만족도맛있어요,",20240806
236,선택: 살코기+순대,4,순대에서냄새도안ㅇ나고맛있어요,"유통기한꽤 남았어요,포장적당해요,맛 만족도맛있어요,",20240806
237,선택: 살코기+순대,5,좋아요 맛나요굿굿,"유통기한꽤 남았어요,포장꼼꼼해요,맛 만족도맛있어요,",20240806
238,선택: 기본(머리고기+내장+순대),5,칼칼해요 구수하고요맛남,"유통기한꽤 남았어요,포장꼼꼼해요,맛 만족도맛있어요,",20240806
239,선택: 기본(머리고기+내장+순대),5,순대국 생각나면 여기서 사서 먹습니다.,"유통기한꽤 남았어요,포장적당해요,맛 만족도맛있어요,",20240806
240,선택: 기본(머리고기+내장+순대),5,순대국이 먹고 싶어서 라이브로 주문했어요 더운날 외식하러 나가는것도 귀찮고 땀나고ㅋ 혹시 몰라 3팩만 주문해봤는데 포장이 꼼꼼해서 마음에 듭니다 날이 더워서 해동되어 왔지만 냉기가 충분히 있어서 제일 많이 녹은거 하나빼고 재냉동했어요 저녁에먹을껀데 빨리 먹어보고 싶네요 ㅎㅎ,"유통기한아주 넉넉해요,포장꼼꼼해요,맛 만족도맛있어요,",20240806
241,선택: 기본(머리고기+내장+순대),5,옆집언니 통해서 할인할때 10팩샀는데 진짜 맛있게 잘먹고 있어요. 행사하며 또 사야되는데 기다리고있거든요.,"유통기한꽤 남았어요,포장꼼꼼해요,맛 만족도맛있어요,",20240806
242,선택: 기본(머리고기+내장+순대),5,밀키트치곤 맛도 좋고 양도 적당하고 굿,"유통기한꽤 남았어요,포장적당해요,맛 만족도맛있어요,",20240806
243,선택: 기본(머리고기+내장+순대),5,맛있어요.맛있어요.,"유통기한아주 넉넉해요,포장꼼꼼해요,맛 만족도맛있어요,",20240806
244,선택: 기본(머리고기+내장+순대),5,어머니도 드럇ㅆ느넫 좋아하세요,"유통기한아주 넉넉해요,포장꼼꼼해요,맛 만족도맛있어요,",20240806
245,선택: 기본(머리고기+내장+순대),5,저렴할때 냉동실에 넣어두고 먹어요,"유통기한아주 넉넉해요,포장꼼꼼해요,맛 만족도맛있어요,",20240806
246,선택: 기본(머리고기+내장+순대),5,이번에는 배송도 빠르고 일단 맛이있어요 저장음식으로 넘 좋아요,"유통기한꽤 남았어요,포장꼼꼼해요,맛 만족도맛있어요,",20240806
247,선택: 살코기+순대,5,매장에서 먹던 맛과 굉장히 일치합니다.,"유통기한아주 넉넉해요,포장꼼꼼해요,맛 만족도맛있어요,",20240806
248,선택: 순대만,5,잘받았습니다 잘먹을께요,"유통기한아주 넉넉해요,포장꼼꼼해요,맛 만족도맛있어요,",20240805
249,선택: 기본(머리고기+내장+순대),5,일반인들한테는 양념장 절반 정도가 적당할 것 같아요. 맛납니다.,"유통기한아주 넉넉해요,포장꼼꼼해요,맛 만족도맛있어요,",20240805
250,선택: 기본(머리고기+내장+순대),5,진짜 엄청 맛있어요!!!,"유통기한꽤 남았어요,포장꼼꼼해요,맛 만족도맛있어요,",20240805
251,선택: 기본(머리고기+내장+순대),5,너무 더운데 집에서 간단히 밀키트로 좋습니다 맛도 쵝오 재주문했어요,"유통기한아주 넉넉해요,포장꼼꼼해요,맛 만족도맛있어요,",20240804
252,선택: 기본(머리고기+내장+순대),5,재주문5번째입니다 여전히 맛있게 잘 먹고있습니다,"유통기한아주 넉넉해요,포장꼼꼼해요,맛 만족도맛있어요,",20240804
253,선택: 기본(머리고기+내장+순대),4,맛있는데 배송 거진 일주일걸림..,"유통기한아주 넉넉해요,포장꼼꼼해요,맛 만족도맛있어요,",20240804
254,선택: 살코기+순대,5,아이들이 잘 먹어서 방학때 유용하네요,"유통기한아주 넉넉해요,포장꼼꼼해요,맛 만족도맛있어요,",20240804
255,선택: 순대만,2,리뷰엔 야채있는걸 봤는데 쏙빠져있어서 만족스럽지않았습니다. 이거 먹으려면 부추따로 사야합니다~,"맛 만족도평범해요,유통기한아주 넉넉해요,포장적당해요,",20240804
256,선택: 기본(머리고기+내장+순대),5,두번째 구매예요.요번엔 10팩 구매해서 냉동고에 쟁여뒀어요,"유통기한아주 넉넉해요,포장꼼꼼해요,맛 만족도맛있어요,",20240803
257,선택: 기본(머리고기+내장+순대),5,냄새 안나고 맛있어요,"유통기한아주 넉넉해요,포장꼼꼼해요,맛 만족도맛있어요,",20240803
258,선택: 기본(머리고기+내장+순대),5,맛있게 잘 먹겠습니다,"유통기한아주 넉넉해요,포장꼼꼼해요,맛 만족도맛있어요,",20240802
259,선택: 살코기+순대,5,맛있어요~~ 순대만국밥으로 주문할께요,"유통기한꽤 남았어요,포장꼼꼼해요,맛 만족도맛있어요,",20240802
260,선택: 기본(머리고기+내장+순대),5,자주시켜요 양도 많구요,"유통기한아주 넉넉해요,포장꼼꼼해요,맛 만족도맛있어요,",20240801
261,선택: 순대만,5,맛있어요 굳이예요ᆢ,"유통기한아주 넉넉해요,포장꼼꼼해요,맛 만족도맛있어요,",20240801
262,선택: 기본(머리고기+내장+순대),5,자주시켜먹어요 정말ㅇ맛있어요,"유통기한아주 넉넉해요,포장꼼꼼해요,맛 만족도맛있어요,",20240801
263,선택: 기본(머리고기+내장+순대),5,맛있게 먹었습니다. 감사합니다,"유통기한아주 넉넉해요,포장꼼꼼해요,맛 만족도맛있어요,",20240730
264,선택: 순대만,5,맛있게 먹었습니다. 감사합니다,"유통기한아주 넉넉해요,포장꼼꼼해요,맛 만족도맛있어요,",20240730
265,선택: 살코기+순대,5,맛있게 먹었어요. 감사하빈다.,"유통기한아주 넉넉해요,포장꼼꼼해요,맛 만족도맛있어요,",20240730
266,선택: 기본(머리고기+내장+순대),5,가끔 간간히 생각 나는 맛... 엄청 특별한 맛은 아닌데 그래서 더 생각 나네요. 추가로 주문했습니다 ㅎㅎ,"유통기한아주 넉넉해요,포장꼼꼼해요,맛 만족도맛있어요,",20240729
267,선택: 살코기+순대,5,맛있어요..재구매 갑니다..,"유통기한아주 넉넉해요,포장꼼꼼해요,맛 만족도맛있어요,",20240728
268,선택: 기본(머리고기+내장+순대),5,맛있어요..더운날 반찬 없을때 딱이네요..,"유통기한꽤 남았어요,포장적당해요,맛 만족도맛있어요,",20240728
269,선택: 기본(머리고기+내장+순대),5,얼큰칼칼해요 술마신다음날 해장하기 좋아요 알콜섞인 땀을 한바가지 흘렸네요,"유통기한꽤 남았어요,포장꼼꼼해요,맛 만족도맛있어요,",20240728
270,선택: 살코기+순대,5,얼큰칼칼해요 술마신다음날 해장하기 좋아요 알콜섞인 땀을 한바가지 흘렸네요,"유통기한꽤 남았어요,포장꼼꼼해요,맛 만족도맛있어요,",20240728
271,선택: 순대만,5,배송아주빠르고 맛있어요,"유통기한아주 넉넉해요,포장꼼꼼해요,맛 만족도맛있어요,",20240728
272,선택: 순대만,4,순대만 있는 제품이랑 살코기 있는 제품 두개 샀는데 전 순대만 있는 제품이 더 맛있었네요,"맛 만족도평범해요,유통기한아주 넉넉해요,포장꼼꼼해요,",20240727
273,선택: 살코기+순대,4,그럭저럭 평범한 맛이었습니다,"맛 만족도평범해요,유통기한아주 넉넉해요,포장꼼꼼해요,",20240727
274,선택: 기본(머리고기+내장+순대),5,양 많고 맛있어서 재구매했습니다. 몇번 더 시킬 예정이에요:),"유통기한아주 넉넉해요,포장꼼꼼해요,맛 만족도맛있어요,",20240726
275,선택: 살코기+순대,5,"포장 너무 깔끔하고, 순대 맛있어요 특히 다대기가 진짜 맛있어요!!! 따로 구매하고 싶을정도로","유통기한아주 넉넉해요,포장꼼꼼해요,맛 만족도맛있어요,",20240726
276,선택: 살코기+순대,5,시중 웬만한 순대국집 싸다구를 날립니다.,"유통기한아주 넉넉해요,포장꼼꼼해요,맛 만족도맛있어요,",20240725
277,선택: 기본(머리고기+내장+순대),5,진짜 맛있었어요!!! 최고!!,"유통기한아주 넉넉해요,포장꼼꼼해요,맛 만족도맛있어요,",20240725
278,선택: 순대만,5,맛있어서 재구매했어요,"유통기한아주 넉넉해요,포장꼼꼼해요,맛 만족도맛있어요,",20240725
279,선택: 기본(머리고기+내장+순대),5,맛있어서 재구매했어요,"유통기한아주 넉넉해요,포장꼼꼼해요,맛 만족도맛있어요,",20240725
280,선택: 기본(머리고기+내장+순대),5,먹을만해요 양념장이 괜찮았어요~,"유통기한아주 넉넉해요,포장꼼꼼해요,맛 만족도맛있어요,",20240724
281,선택: 살코기+순대,4,짭짤해서 술안주로좋음,"유통기한아주 넉넉해요,포장꼼꼼해요,맛 만족도맛있어요,",20240724
282,선택: 기본(머리고기+내장+순대),4,짭짤해서 술안주로좋음,"유통기한아주 넉넉해요,포장꼼꼼해요,맛 만족도맛있어요,",20240724
283,선택: 살코기+순대,4,다른상품많이구매했지만양도그만하면됬고.아쉬웠던점은.싱겁게다데기많들면.또신청해야지,"유통기한꽤 남았어요,포장꼼꼼해요,맛 만족도맛있어요,",20240724
284,선택: 기본(머리고기+내장+순대),5,맛있긴 한데 너무 비싸요...,"유통기한아주 넉넉해요,포장꼼꼼해요,맛 만족도맛있어요,",20240724
285,선택: 기본(머리고기+내장+순대),3,제가 여기 3번째 시켜먹는데요.. 맛은 있습니다 그래서 3번 시켜먹었구요 근데 포장상태가 너무해서 리뷰란걸 써보네요 냉동제품인데 아이스팩 2개만 달랑 들어있고 배송이 빠르면 뭐합니까 빨라도 항~~~상 녹아있네요 참... 맛은 있지만 거시기하네요..,"유통기한아주 넉넉해요,포장별로예요,맛 만족도맛있어요,",20240724
286,선택: 기본(머리고기+내장+순대),5,아이들도 맛있다고 너무 잘 먹었어요,"유통기한아주 넉넉해요,포장꼼꼼해요,맛 만족도맛있어요,",20240723
287,선택: 기본(머리고기+내장+순대),5,무배로 왕창 주문 ㅋㅋ비도 마니 오니 자꾸 생각나요!,"유통기한아주 넉넉해요,포장꼼꼼해요,맛 만족도맛있어요,",20240723
288,선택: 살코기+순대,5,말이 필요 없는 맛! 신랑도 저도 인정!,"유통기한아주 넉넉해요,포장꼼꼼해요,맛 만족도맛있어요,",20240723
289,선택: 순대만,5,배송은 오래~~ 4일 걸리고 미리 공지 주셨어요~ 기다려도 맛있고 냄새 없고 이번엔 쟁여 놨어요!! 신랑도 만족!! 와우!!,"유통기한아주 넉넉해요,포장꼼꼼해요,맛 만족도맛있어요,",20240723
290,선택: 기본(머리고기+내장+순대),5,한팩 먹어봤는데 맛있습니다,"유통기한아주 넉넉해요,포장꼼꼼해요,맛 만족도맛있어요,",20240723
291,선택: 기본(머리고기+내장+순대),5,3번째 주문완료 입니다. 쟁여놓고 먹고있어요. 아주 맛나고 좋습니다.,"유통기한아주 넉넉해요,포장꼼꼼해요,맛 만족도맛있어요,",20240722
292,선택: 기본(머리고기+내장+순대),5,맛있게 먹었습니당.,"유통기한아주 넉넉해요,포장적당해요,맛 만족도맛있어요,",20240722
293,선택: 기본(머리고기+내장+순대),5,두말할필요없는맛입니다.계속시켜먹을게요.번창하세요.,"유통기한아주 넉넉해요,포장꼼꼼해요,맛 만족도맛있어요,",20240722
294,선택: 살코기+순대,5,두말할소리가없는 맛입니다.계속시켜먹을게요.번창하세요.,"유통기한아주 넉넉해요,포장꼼꼼해요,맛 만족도맛있어요,",20240722
295,선택: 기본(머리고기+내장+순대),5,매콤하니 순대국 맛있어요,"유통기한아주 넉넉해요,포장꼼꼼해요,맛 만족도맛있어요,",20240722
296,선택: 기본(머리고기+내장+순대),5,너무 맛있음 수원가서도 먹어보고싶어요,"유통기한아주 넉넉해요,포장꼼꼼해요,맛 만족도맛있어요,",20240721
297,선택: 기본(머리고기+내장+순대),5,항상 맛있게 먹고 있습니다,"유통기한꽤 남았어요,포장꼼꼼해요,맛 만족도맛있어요,",20240721
298,선택: 기본(머리고기+내장+순대),5,고기에서 냄새도안나도 국물도 맛있엉ᆢ,"유통기한아주 넉넉해요,포장꼼꼼해요,맛 만족도맛있어요,",20240720
299,선택: 기본(머리고기+내장+순대),5,맛있었고 가성비가 좋았어요,"맛 만족도평범해요,유통기한꽤 남았어요,포장적당해요,",20240720
300,선택: 기본(머리고기+내장+순대),5,국물이 맛있고 깔끔해요,"유통기한아주 넉넉해요,포장꼼꼼해요,맛 만족도맛있어요,",20240719
301,선택: 살코기+순대,5,국물이 맛있고 깔끔해요,"유통기한아주 넉넉해요,포장꼼꼼해요,맛 만족도맛있어요,",20240719
302,선택: 순대만,5,모두만족스러웠습니다.,"유통기한아주 넉넉해요,포장꼼꼼해요,맛 만족도맛있어요,",20240719
303,선택: 기본(머리고기+내장+순대),4,처음 먹었을때의 맛이 사라지는듯 하네요. 개인적으로 아쉽습니다.,"맛 만족도평범해요,유통기한꽤 남았어요,포장꼼꼼해요,",20240719
304,선택: 살코기+순대,4,맛은 좋았어요. 다만 배송이 너무 늦었었어서 그게 좀 그랬네요,"유통기한아주 넉넉해요,포장꼼꼼해요,맛 만족도맛있어요,",20240719
305,선택: 기본(머리고기+내장+순대),5,조아요조아요조아요조아요,"맛 만족도평범해요,유통기한임박상품이에요,포장적당해요,",20240718
306,선택: 살코기+순대,4,맛은 있었는데요... 안에서 나온 이 치실같은 건뭘까요?,"유통기한아주 넉넉해요,포장꼼꼼해요,맛 만족도맛있어요,",20240718
307,선택: 순대만,5,배송도 빠르고좋아요.,"유통기한꽤 남았어요,포장꼼꼼해요,맛 만족도맛있어요,",20240718
308,선택: 기본(머리고기+내장+순대),5,맛있고 잘 포장되어있었습니다,"유통기한아주 넉넉해요,포장꼼꼼해요,맛 만족도맛있어요,",20240718
309,선택: 기본(머리고기+내장+순대),5,저번에 첫구매에 5개 주문하고 요본에는 배송비 안내게끔 10개 구매했네요~ 첫구매때 너무 맛있게 먹어서 할인 들어갔을때 쟁였어요~ 매운걸 좋아해서 여기 순대국을 더 좋아할수밖에 없나봐요~ 맛있게 잘먹겠습니다,"유통기한아주 넉넉해요,포장꼼꼼해요,맛 만족도맛있어요,",20240718
310,선택: 순대만,5,재주문 했습니다.......,"유통기한아주 넉넉해요,포장꼼꼼해요,맛 만족도맛있어요,",20240718
311,선택: 기본(머리고기+내장+순대),5,"맛있어요 맛있어용,","유통기한아주 넉넉해요,포장꼼꼼해요,맛 만족도맛있어요,",20240717
312,선택: 기본(머리고기+내장+순대),5,맛있어요.맛있어요.,"유통기한아주 넉넉해요,포장꼼꼼해요,맛 만족도맛있어요,",20240717
313,선택: 기본(머리고기+내장+순대),5,너무나 맛나게 잘먹었습니다. 다음에 또 재구매할게요,"유통기한아주 넉넉해요,포장꼼꼼해요,맛 만족도맛있어요,",20240717
314,선택: 기본(머리고기+내장+순대),5,역시나 믿고먹는 국밥,"유통기한아주 넉넉해요,포장꼼꼼해요,맛 만족도맛있어요,",20240717
315,선택: 기본(머리고기+내장+순대),5,여기서 순대볶음 시켜먹었었는데 맛있어서 기억하고 있었어요 순대국도 팔길래 일단 2인분만 주문ㅎㅎ 배송 며칠걸리긴 했지만 오자마자 뚝배기에 끓여먹으니 얼큰하고 잡내도 안나서 맛있었어요ㅎㅎ 굳이 더운데 밖에 안나가고 밀키트로 주문해서 집에서 편하게 먹으니 넘 좋네요~^^,"유통기한아주 넉넉해요,포장꼼꼼해요,맛 만족도맛있어요,",20240716
316,선택: 살코기+순대,5,밖에 나가서 사먹는 것보다도 더 맛있어요! 국물이 진짜 진하고 건더기도 많아서 너무 좋아요,"유통기한아주 넉넉해요,포장꼼꼼해요,맛 만족도맛있어요,",20240716
317,선택: 살코기+순대,5,맛있게 잘 먹었습니다,"유통기한꽤 남았어요,포장적당해요,맛 만족도맛있어요,",20240716
318,선택: 기본(머리고기+내장+순대),5,전날 술 먹고 해장 재대로 했어요 맛있어요,"유통기한아주 넉넉해요,포장꼼꼼해요,맛 만족도맛있어요,",20240716
319,선택: 기본(머리고기+내장+순대),5,"그냥, 다른거 없어요 무조건 맛잇어요 인생국밥 !","유통기한아주 넉넉해요,포장꼼꼼해요,맛 만족도맛있어요,",20240716
320,선택: 기본(머리고기+내장+순대),5,특별한맛은 아니지만 냄새나지않고 육수가 진하고 순대며 머릿고기며 부드럽고 맛있네요! 새우젓이랑 들깨가루 각각 깔끔하게 포장되어있어서 좋아요^^ 남편도 맛괜찮대요! 조리도 간편해요,"유통기한꽤 남았어요,포장꼼꼼해요,맛 만족도맛있어요,",20240716
321,선택: 순대만,5,특별한맛은 아니지만 냄새나지않고 육수가 진하고 순대며 머릿고기며 부드럽고 맛있네요! 새우젓이랑 들깨가루 각각 깔끔하게 포장되어있어서 좋아요^^ 남편도 맛괜챃대요!,"유통기한꽤 남았어요,포장꼼꼼해요,맛 만족도맛있어요,",20240716
322,선택: 살코기+순대,5,맛있습니다 얼큰하구 좋아요,"유통기한아주 넉넉해요,포장꼼꼼해요,맛 만족도맛있어요,",20240715
323,선택: 기본(머리고기+내장+순대),5,맛있어요 얼큰하고ㅎㅎ 할인할때 구매하면 더 좋을듯요,"유통기한아주 넉넉해요,포장꼼꼼해요,맛 만족도맛있어요,",20240715
324,선택: 살코기+순대,5,국물이 진하고 순대나 고기 품젤에 아주 좋았습니다,"유통기한아주 넉넉해요,포장꼼꼼해요,맛 만족도맛있어요,",20240715
325,선택: 살코기+순대,5,얼큰해요 요즘 여기만 먹음,"유통기한아주 넉넉해요,포장꼼꼼해요,맛 만족도맛있어요,",20240714
326,선택: 살코기+순대,5,"세번째로 삽니다! 개인적으로는 2개 끓여서 다데기, 새우젓 1개씩만 넣어서 먹는게 가장 맛있습니다! 앞으로도 계속 사먹을거 같아요~","유통기한꽤 남았어요,포장꼼꼼해요,맛 만족도맛있어요,",20240714
327,선택: 기본(머리고기+내장+순대),5,"세번째로 삽니다! 개인적으로는 2개 끓여서 다데기, 새우젓 1개씩만 넣어서 먹는게 가장 맛있습니다! 앞으로도 계속 사먹을거 같아요~","유통기한아주 넉넉해요,포장꼼꼼해요,맛 만족도맛있어요,",20240714
328,선택: 살코기+순대,3,다 녹아서 와서 냉동실에 넣기 바빴네요.늦게 배송된것도 아닌데ㅠㅡ 그래서 좀 찝찝해요 양념은 처음부터 전부 넣지 마시고 간 봐가면서 넣으세욤,"맛 만족도평범해요,유통기한꽤 남았어요,포장별로예요,",20240714
329,선택: 기본(머리고기+내장+순대),5,별기대 안했는데 너무 맛있음다,"유통기한꽤 남았어요,포장꼼꼼해요,맛 만족도맛있어요,",20240714
330,선택: 기본(머리고기+내장+순대),5,진짜완전마싰습니다!!,"유통기한아주 넉넉해요,포장꼼꼼해요,맛 만족도맛있어요,",20240714
331,선택: 기본(머리고기+내장+순대),3,그냥 뭐 쏘쏘합니다.,"맛 만족도평범해요,유통기한꽤 남았어요,포장꼼꼼해요,",20240713
332,선택: 기본(머리고기+내장+순대),5,맛있어서 재주문 합니다,"유통기한아주 넉넉해요,포장꼼꼼해요,맛 만족도맛있어요,",20240713
333,선택: 기본(머리고기+내장+순대),5,양도많고 완전 맛있어요,"유통기한아주 넉넉해요,포장꼼꼼해요,맛 만족도맛있어요,",20240713
334,선택: 기본(머리고기+내장+순대),5,"조리하기 편하고 양도 푸짐하네요. 배달 시키는거 보다 훨씬 좋네요, 또 주문하러 올께요","유통기한아주 넉넉해요,포장꼼꼼해요,맛 만족도맛있어요,",20240713
335,선택: 기본(머리고기+내장+순대),5,맛있어요 ㅎㅎ 0뷰리뷰로 주문이 폭주해서 배송까지 오래 걸렸지만 괜찮았습니다,"유통기한아주 넉넉해요,포장꼼꼼해요,맛 만족도맛있어요,",20240713
336,선택: 기본(머리고기+내장+순대),5,정사이즈에요 ~~~~~!,"유통기한꽤 남았어요,포장적당해요,맛 만족도맛있어요,",20240713
337,선택: 기본(머리고기+내장+순대),5,5번째 재주문입니다 잘 먹고있습니다,"유통기한아주 넉넉해요,포장꼼꼼해요,맛 만족도맛있어요,",20240713
338,선택: 살코기+순대,5,매콤하고 깔끔합니다 딱 제 입맛에 맞네요.,"유통기한아주 넉넉해요,포장꼼꼼해요,맛 만족도맛있어요,",20240712
339,선택: 기본(머리고기+내장+순대),5,안전하게 배송되었습니다. 맛있어서 재구매했어요.,"유통기한아주 넉넉해요,포장꼼꼼해요,맛 만족도맛있어요,",20240712
340,선택: 기본(머리고기+내장+순대),5,고기랑 순대도 양 많고 맛있네요,"유통기한아주 넉넉해요,포장꼼꼼해요,맛 만족도맛있어요,",20240712
341,선택: 순대만,5,맛있게 잘 먹어서 재구매 제품입니다. 다 먹으면 또 구먀 할 생각입니다.,"유통기한아주 넉넉해요,포장꼼꼼해요,맛 만족도맛있어요,",20240712
342,선택: 살코기+순대,5,재구매 제품 입니다. 가족 전부 맛있게 잘 먹어서 또 구매했습니다. 냉동고 한쪽 최애 식품으로 저장해놓고 먹어요.,"유통기한아주 넉넉해요,포장꼼꼼해요,맛 만족도맛있어요,",20240712
343,선택: 기본(머리고기+내장+순대),5,잡내없이 맛있어요,"유통기한아주 넉넉해요,포장꼼꼼해요,맛 만족도맛있어요,",20240711
344,선택: 살코기+순대,5,잡내없이 맛있어요,"유통기한아주 넉넉해요,포장꼼꼼해요,맛 만족도맛있어요,",20240711
345,선택: 기본(머리고기+내장+순대),5,비싸지만 맛은 좋습니다,"유통기한아주 넉넉해요,포장꼼꼼해요,맛 만족도맛있어요,",20240711
346,선택: 살코기+순대,5,신랑도 인정 한 맛 굿,"유통기한아주 넉넉해요,포장꼼꼼해요,맛 만족도맛있어요,",20240711
347,선택: 기본(머리고기+내장+순대),5,친구 추천으로 구매 완료 재구매 100 와우~ 시장근처인데도 더더더 맛나네요!!!! 냄새 없는게 너무 좋아요,"유통기한아주 넉넉해요,포장꼼꼼해요,맛 만족도맛있어요,",20240711
348,선택: 기본(머리고기+내장+순대),5,맛과 다른 포장상태등 다 모두 좋았습니다. 다만 고추 채썰어둔걸 다대기랑 같이 넣어서 와서 다대기만 넣고싶은데 고추가 같이 투입되서 조금 아십쓰.,"유통기한아주 넉넉해요,포장꼼꼼해요,맛 만족도맛있어요,",20240711
349,선택: 기본(머리고기+내장+순대),5,밀키트 맛잇다고 보고 구매했는데 배송기간은 좀 걸렸지만 맛잇네요 . 다만 사용법데로 양념 다넣으면 많이 매워요 조절하셔서 넣으세요,"유통기한아주 넉넉해요,포장꼼꼼해요,맛 만족도맛있어요,",20240710
350,선택: 살코기+순대,5,밀키트 맛잇다고 보고 구매했는데 배송기간은 좀 걸렸지만 맛잇네요 . 다만 사용법데로 양념 다넣으면 많이 매워요 조절하셔서 넣으세요,"유통기한아주 넉넉해요,포장꼼꼼해요,맛 만족도맛있어요,",20240710
351,선택: 기본(머리고기+내장+순대),5,맛있어요! 순대가 넉넉하고 고기도 많습니다. 국물도 좋아요,"유통기한아주 넉넉해요,포장꼼꼼해요,맛 만족도맛있어요,",20240710
352,선택: 기본(머리고기+내장+순대),4,순댓국 맛있게 잘 먹었습니다!,"맛 만족도평범해요,유통기한꽤 남았어요,포장적당해요,",20240710
353,선택: 기본(머리고기+내장+순대),5,양이 많고 맛있습니다,"유통기한아주 넉넉해요,포장꼼꼼해요,맛 만족도맛있어요,",20240710
354,선택: 살코기+순대,5,맛있게먹고있습니다.다음에또주문할게요.수고하세요.,"유통기한아주 넉넉해요,포장꼼꼼해요,맛 만족도맛있어요,",20240710
355,선택: 기본(머리고기+내장+순대),5,너무맛있게먹고있습니다.다음에또시킬게요.수고하세요.,"유통기한아주 넉넉해요,포장꼼꼼해요,맛 만족도맛있어요,",20240710
356,선택: 살코기+순대,5,얼큰해요 매우신거 못드시는 분 조심,"유통기한아주 넉넉해요,포장꼼꼼해요,맛 만족도맛있어요,",20240710
357,선택: 살코기+순대,5,생각보다 많이 얼큰해요 매운거 못드시는분 조심하세요,"유통기한아주 넉넉해요,포장꼼꼼해요,맛 만족도맛있어요,",20240710
358,선택: 살코기+순대,5,응식 퀄리티가 매우 높아요 맛 정말정말 좋아요,"유통기한아주 넉넉해요,포장꼼꼼해요,맛 만족도맛있어요,",20240709
359,선택: 살코기+순대,5,상품 잘 받았습니다,"유통기한아주 넉넉해요,포장꼼꼼해요,맛 만족도맛있어요,",20240709
360,선택: 기본(머리고기+내장+순대),5,상품 잘 받았습니다,"유통기한아주 넉넉해요,포장꼼꼼해요,맛 만족도맛있어요,",20240709
361,선택: 순대만,5,상품 잘 받았습니다~,"유통기한아주 넉넉해요,포장꼼꼼해요,맛 만족도맛있어요,",20240709
362,선택: 기본(머리고기+내장+순대),5,매콤하고 아주 맛잇습니다. 맵기조절은 청양고추로 하면 될듯 청양고추 다빼면 많이 안맵습니다,"유통기한아주 넉넉해요,포장꼼꼼해요,맛 만족도맛있어요,",20240709
363,선택: 기본(머리고기+내장+순대),5,먹자마자 3개 더 시켰어요,"유통기한아주 넉넉해요,포장꼼꼼해요,맛 만족도맛있어요,",20240709
364,선택: 살코기+순대,5,맛있어요 재구매 의사 있어요^^,"유통기한아주 넉넉해요,포장꼼꼼해요,맛 만족도맛있어요,",20240708
365,선택: 기본(머리고기+내장+순대),5,매콤하니 맛있어요 재구매 할께요,"유통기한꽤 남았어요,포장꼼꼼해요,맛 만족도맛있어요,",20240708
366,선택: 기본(머리고기+내장+순대),4,후기가 엄청좋아서 주문 포장도 배송도 좋은데 막후기처럼 리얼하게 맛있는건 잘모르겠어요 여튼 잘먹었읍니다,"맛 만족도평범해요,유통기한꽤 남았어요,포장적당해요,",20240708
367,선택: 살코기+순대,5,매콤 얼큰하니 크어소리가 자동으로 나오네요 맛있습니다,"유통기한아주 넉넉해요,포장꼼꼼해요,맛 만족도맛있어요,",20240708
368,선택: 기본(머리고기+내장+순대),5,매콤 얼큰한게 속시원하니 아주 좋습니다 크어소리 자동으로 나오네요,"유통기한아주 넉넉해요,포장꼼꼼해요,맛 만족도맛있어요,",20240708
369,선택: 살코기+순대,5,저는 배달 받자 마자 바로 먹을거라 상관은 없었지만 제품이나 얼음팩이 다 녹아서 미지근 하더라구요… 여름인데 살짝 불안했어요 ㅎ,"유통기한아주 넉넉해요,포장별로예요,맛 만족도맛있어요,",20240707
370,선택: 기본(머리고기+내장+순대),5,진짜 너무 맛있어요,"유통기한아주 넉넉해요,포장꼼꼼해요,맛 만족도맛있어요,",20240707
371,선택: 기본(머리고기+내장+순대),5,너무 맛있어서 재구매했음,"유통기한아주 넉넉해요,포장꼼꼼해요,맛 만족도맛있어요,",20240707
372,선택: 기본(머리고기+내장+순대),5,순대국이 다 거기서 거기지 하면서 워낙 좋아하는 메뉴라 안가본 곳 없이 보이기만 하면 다녔던 제게 50이 다 된 나이에 최애 순대국입니다.찐 정말 얼큰하고 시원하고..해장 지대로입니다.재구매 각입니다,"유통기한아주 넉넉해요,포장꼼꼼해요,맛 만족도맛있어요,",20240707
373,선택: 살코기+순대,4,지난번에는 머릿고기 들어있는걸로 먹어봤는데 맛있더라구요. 요번에는 살코기+순대로 구입해봤어요. 살코기양도 많고 역시나 푸짐하네요. 잡냄새 전혀없구요,"유통기한아주 넉넉해요,포장꼼꼼해요,맛 만족도맛있어요,",20240707
374,선택: 살코기+순대,5,언제먹어도 맛있어요,"유통기한아주 넉넉해요,포장꼼꼼해요,맛 만족도맛있어요,",20240707
375,선택: 기본(머리고기+내장+순대),5,역시나 맛있다. 한편으로는 김치도 같이 주거나 팔았음 좋겠다.,"유통기한아주 넉넉해요,포장꼼꼼해요,맛 만족도맛있어요,",20240707
376,선택: 기본(머리고기+내장+순대),5,진짜 맛있게 잘 먹었어요! 냉동보관하면 되니까 너무 편하네요!,"유통기한아주 넉넉해요,포장꼼꼼해요,맛 만족도맛있어요,",20240706
377,선택: 기본(머리고기+내장+순대),5,오래걸려받았지만맛나게먹음,"유통기한꽤 남았어요,포장꼼꼼해요,맛 만족도맛있어요,",20240706
378,선택: 기본(머리고기+내장+순대),5,맛있엇어요양도많아요,"유통기한아주 넉넉해요,포장꼼꼼해요,맛 만족도맛있어요,",20240706
379,선택: 기본(머리고기+내장+순대),5,냄새안나고 맛있었어요 고추다대기 넘 맛있었어요,"맛 만족도평범해요,유통기한꽤 남았어요,포장꼼꼼해요,",20240705
380,선택: 기본(머리고기+내장+순대),4,양념장이 너무 적네요 한통을 더 담아주시는건 어떤지요?,"유통기한꽤 남았어요,포장적당해요,맛 만족도맛있어요,",20240705
381,선택: 기본(머리고기+내장+순대),4,아직 먹지전이예요. 맛나단 소문에 주문했는데 맛나게 먹겠습니다.,"맛 만족도평범해요,유통기한꽤 남았어요,포장적당해요,",20240705
382,선택: 기본(머리고기+내장+순대),5,흑백식당 보고 시켰는데 내용물 많고 매콤하고 속이 편합니다. 재구매 의사 있습니다.,"유통기한꽤 남았어요,포장꼼꼼해요,맛 만족도맛있어요,",20240705
383,선택: 살코기+순대,5,흑백식당 보고 시켰는데 매콤한데도 속 부담 하나도 없고 내용물이 많아서 좋습니다. 재구매 의사 있습니다,"유통기한꽤 남았어요,포장꼼꼼해요,맛 만족도맛있어요,",20240705
384,선택: 살코기+순대,5,맛잇엇어요양도많아요,"유통기한아주 넉넉해요,포장꼼꼼해요,맛 만족도맛있어요,",20240705
385,선택: 살코기+순대,5,먹고 바로 부모님께 보내드렸습니다 좋아하시네요ㅎㅎ,"유통기한아주 넉넉해요,포장꼼꼼해요,맛 만족도맛있어요,",20240705
386,선택: 순대만,5,한번 사먹고 맛있어서 바로 본가로 보내드렸습니다 부모님도 좋아하세요!,"유통기한아주 넉넉해요,포장꼼꼼해요,맛 만족도맛있어요,",20240705
387,선택: 살코기+순대,5,순대국밥 러버 저희집은 앞으로 여기서어...,"유통기한아주 넉넉해요,포장꼼꼼해요,맛 만족도맛있어요,",20240704
388,선택: 기본(머리고기+내장+순대),5,너무 맛있어서 또 샀습니다,"유통기한아주 넉넉해요,포장꼼꼼해요,맛 만족도맛있어요,",20240704
389,선택: 기본(머리고기+내장+순대),5,맛있어서 두번째 구매입니당,"유통기한아주 넉넉해요,포장꼼꼼해요,맛 만족도맛있어요,",20240704
390,선택: 기본(머리고기+내장+순대),5,아주 맛나여 하하하,"유통기한아주 넉넉해요,포장꼼꼼해요,맛 만족도맛있어요,",20240704
391,선택: 살코기+순대,5,덕분에 삶이 윤택해졌어요:),"유통기한아주 넉넉해요,포장꼼꼼해요,맛 만족도맛있어요,",20240704
392,선택: 기본(머리고기+내장+순대),5,첫 주문인데도 5개 주문했어요~ 역시 맛있네요~보통 집근처 배달해서 뎁혀먹으면 돼지누린내가 안날수가 없는데 이건 정말 안나네요.특히 얼큰한거 정말 좋아하는데 딱입니다~소주 2병 비웠네요ㅎㅎ 순대국 못먹는 남편까지 잘먹을 정도면 말해뭐하나요~ 또 주문하라네요ㅎㅎ,"유통기한꽤 남았어요,포장꼼꼼해요,맛 만족도맛있어요,",20240703
393,선택: 기본(머리고기+내장+순대),1,이 기격이 이구성이면 밖에 나가서 드시는거랑 별 차이 없습니다. 얼마나 고급지다고 밀키트를 이가격에 사먹었는지 너무 후회되었습니다. 맛을 떠나 밀키트 하나에 11000원주고 집에서 해먹을바엔 밖에서 남이 해주는거 편하세 먹겠습니다. 맛은 그냥 보통입니다. 홈쇼핑에서 5만원에 10인분씩 파는거랑 별 차이 없습니다.,"맛 만족도평범해요,유통기한꽤 남았어요,포장적당해요,",20240703
394,선택: 살코기+순대,5,매콤하고 맛있네요 다먹고 또 주문할께요,"유통기한꽤 남았어요,포장꼼꼼해요,맛 만족도맛있어요,",20240703
395,선택: 순대만,5,"집에서 이렇게 먹을수있다니 맛있었어요!! 하지만 내용물이 좀 작아서 아쉬웠고, 좀 많이 매콤했어요 그래도 밥을 마니깐 덜매웠고 확실히 내용물양은 아쉽네요 그래도 잘먹었어요!","유통기한꽤 남았어요,포장적당해요,맛 만족도맛있어요,",20240703
396,선택: 기본(머리고기+내장+순대),4,"집에서 이렇게 먹을수있다니 맛있었어요!! 하지만 내용물이 좀 작아서 아쉬웠고, 좀 많이 매콤했어요 그래도 밥을 마니깐 덜매웠고 확실히 내용물양은 아쉽네요 그래도 잘먹었어요!","유통기한꽤 남았어요,포장적당해요,맛 만족도맛있어요,",20240703
397,선택: 살코기+순대,4,"집에서 이렇게 먹을수있다니 맛있었어요!! 하지만 내용물이 좀 작아서 아쉬웠고, 좀 많이 매콤했어요 그래도 밥을 마니깐 덜매웠고 확실히 내용물양은 아쉽네요 그래도 잘먹었어요!","유통기한꽤 남았어요,포장적당해요,맛 만족도맛있어요,",20240703
398,선택: 살코기+순대,5,냄새 전혀 안나고 밥한공기 뚝딱 말아먹으면 든든그잡채..,"유통기한아주 넉넉해요,포장꼼꼼해요,맛 만족도맛있어요,",20240703
399,선택: 기본(머리고기+내장+순대),5,양은 넉넉하고 맛도 좋고 엄청 얼큰해요~ 해장에 짱입니다. 할인 할때 또 살꺼에요~ 국물이 끝내줘요~,"유통기한아주 넉넉해요,포장꼼꼼해요,맛 만족도맛있어요,",20240703
400,선택: 살코기+순대,5,너무 맛있게 먹었어용 ~ 전날 술멀었는데 해장이 으로 최고네요~ 온라인으로 주문했지만 생각보다 너무 맛잇어서 아침에 폭식햇네요~ 다음에 또 주문할게요~사진을 못찍어서 아쉽네요~,"유통기한아주 넉넉해요,포장꼼꼼해요,맛 만족도맛있어요,",20240703
401,선택: 기본(머리고기+내장+순대),5,유트브 보고 구매했지만 너무너무 맛있개 먹은 제품이에요 다음애 또 구매할깨요^^,"유통기한아주 넉넉해요,포장꼼꼼해요,맛 만족도맛있어요,",20240703
402,선택: 기본(머리고기+내장+순대),5,역시 밀알왕순대 짱맛있어요!,"유통기한아주 넉넉해요,포장꼼꼼해요,맛 만족도맛있어요,",20240703
403,선택: 기본(머리고기+내장+순대),4,초등5학년 아이도 맛있게 먹을만큼 적당히 맛있게 얼큰한 순대국이네요.,"유통기한꽤 남았어요,포장꼼꼼해요,맛 만족도맛있어요,",20240703
404,선택: 기본(머리고기+내장+순대),5,맛있고 포장도 잘 되어 있었어요!,"유통기한아주 넉넉해요,포장꼼꼼해요,맛 만족도맛있어요,",20240703
405,선택: 기본(머리고기+내장+순대),5,유투브소개영상보고 혹시나해서 사봤는데 너무 맛있네요 국물이 깔끔하고 고기양도 많고 만족이에요 재구매하려구요,"유통기한아주 넉넉해요,포장꼼꼼해요,맛 만족도맛있어요,",20240702
406,선택: 순대만,5,저 수원 토백인데 지동시장 순대타운 안에서만 먹을줄 알았지 밖에 있는 곳은 쳐다도 안보고 다닌걸 반성합니다 ㅜㅜ 진짜 맛있네요. 둘째가 순댓국 별로 안좋아 하는데 이거 맛있다고 또사라고 하네요 4팩 샀는데. 다먹음 또 주문하거나 매장에 가서 먹어봐야겠어요^^ 많이 파세요.,"유통기한아주 넉넉해요,포장꼼꼼해요,맛 만족도맛있어요,",20240702
407,선택: 기본(머리고기+내장+순대),5,"맛있어요 ..,.......","유통기한아주 넉넉해요,포장꼼꼼해요,맛 만족도맛있어요,",20240702
408,선택: 기본(머리고기+내장+순대),5,부모님께 보내드렸어요 맛있다고 괜찮다고 하셔서 만족해요,"유통기한아주 넉넉해요,포장꼼꼼해요,맛 만족도맛있어요,",20240702
409,선택: 순대만,5,부모님께 보내드렸어요 맛있다고 괜찮다고 하셔서 만족해요,"유통기한아주 넉넉해요,포장꼼꼼해요,맛 만족도맛있어요,",20240702
410,선택: 기본(머리고기+내장+순대),5,배송이 느려터져서 좀 그런데 맛은 좋아요,"유통기한아주 넉넉해요,포장꼼꼼해요,맛 만족도맛있어요,",20240702
411,선택: 기본(머리고기+내장+순대),4,잘먹겠습니다 고맙습니다,"맛 만족도평범해요,유통기한꽤 남았어요,포장적당해요,",20240702
412,선택: 기본(머리고기+내장+순대),5,흑백리뷰에서 보고 샀는데 엄청 맛있고 국물이.진해요 건더기도 많구요!,"유통기한아주 넉넉해요,포장꼼꼼해요,맛 만족도맛있어요,",20240702
413,선택: 기본(머리고기+내장+순대),5,여기 찐입니다. 재주문각입니다. 진짜,"유통기한꽤 남았어요,포장꼼꼼해요,맛 만족도맛있어요,",20240702
414,선택: 기본(머리고기+내장+순대),5,맛있어서 재구매했어요 만족해요,"유통기한꽤 남았어요,포장적당해요,맛 만족도맛있어요,",20240702
415,선택: 살코기+순대,5,맛 가격 배송 모두 만족,"유통기한아주 넉넉해요,포장꼼꼼해요,맛 만족도맛있어요,",20240701
416,선택: 기본(머리고기+내장+순대),5,가성비 좋아요. 양도 넉넉하고 맛도 굿,"유통기한아주 넉넉해요,포장꼼꼼해요,맛 만족도맛있어요,",20240701
417,선택: 기본(머리고기+내장+순대),4,집에서 간편하게 순대국 먹을 수 있어 만족합니다. 앙념장이 얼큰하네요.,"맛 만족도평범해요,유통기한꽤 남았어요,포장적당해요,",20240701
418,선택: 살코기+순대,4,평소 순대국 좋아하는데 집에서 간편하게 먹으려고 구매해봤어요. 냉동보관하다가 끓이기만 하면 되니 편해요. 얼큰하고 할인가로 구매해서 만족합니다.,"유통기한꽤 남았어요,포장적당해요,맛 만족도맛있어요,",20240701
419,선택: 기본(머리고기+내장+순대),5,맛있어요.맛있어요.,"유통기한아주 넉넉해요,포장꼼꼼해요,맛 만족도맛있어요,",20240701
420,선택: 기본(머리고기+내장+순대),5,완전 맛있습니다 다음에 또 시켜먹으려구요!,"유통기한아주 넉넉해요,포장꼼꼼해요,맛 만족도맛있어요,",20240701
421,선택: 기본(머리고기+내장+순대),5,한번먹어보고 계속 주문해요 맛있어요,"유통기한아주 넉넉해요,포장꼼꼼해요,맛 만족도맛있어요,",20240701
422,선택: 기본(머리고기+내장+순대),5,맛있어서 행사할때마다 구매합니다,"유통기한꽤 남았어요,포장꼼꼼해요,맛 만족도맛있어요,",20240701
423,선택: 기본(머리고기+내장+순대),5,집 주변에서 먹는 국밥집보다 더 맛있네요 ㅎ,"유통기한아주 넉넉해요,포장꼼꼼해요,맛 만족도맛있어요,",20240701
424,선택: 살코기+순대,5,유튜브보고 시켯는데 맛있었어요! 배송까지는 물론 좀 걸렸지만용,"유통기한아주 넉넉해요,포장꼼꼼해요,맛 만족도맛있어요,",20240701
425,선택: 기본(머리고기+내장+순대),5,배송 빠르네요~~!,"맛 만족도평범해요,유통기한꽤 남았어요,포장적당해요,",20240701
426,선택: 살코기+순대,5,진짜 얼큰하네요 맛있어요 좋은 기회에 먹어 봤어요,"유통기한아주 넉넉해요,포장꼼꼼해요,맛 만족도맛있어요,",20240630
427,선택: 기본(머리고기+내장+순대),5,"다 좋은데, 얼큰양념을 조금 더 동봉해줫으면 좋겟습니다.","유통기한아주 넉넉해요,포장꼼꼼해요,맛 만족도맛있어요,",20240630
428,선택: 기본(머리고기+내장+순대),5,새우젓이 신선하고 국물에서도냄새가 하나도 안나요! 깔끔하고 깊은맛이 좋습니다,"유통기한아주 넉넉해요,포장꼼꼼해요,맛 만족도맛있어요,",20240630
429,선택: 기본(머리고기+내장+순대),5,고기양 넉넉하고 국물 깔끔합니다. 다대기양념도 신경쓰셔서 청양고추도 적당히 넣어져 있습니다. 땀흘리며 잘 먹었습니다.,"유통기한아주 넉넉해요,포장꼼꼼해요,맛 만족도맛있어요,",20240630
430,선택: 살코기+순대,5,고기양 넉넉하고 냄새도 없이 맛있습니다. 다대기양념에 청양고추 있어서 얼큰하게 땀흘리며 먹었습니다.,"유통기한아주 넉넉해요,포장꼼꼼해요,맛 만족도맛있어요,",20240630
431,선택: 기본(머리고기+내장+순대),5,솔직히 전설은 아니고 레전드급 국밥입니다 만천원에도 전혀 아깝지않고 할인할때 쟁여놓으면 마음이 놓이더라구요ㅋㅋ 이제 장마철이라 국물요리가 자주 땡길텐데 할인또했으면 좋겠습니다,"유통기한아주 넉넉해요,포장꼼꼼해요,맛 만족도맛있어요,",20240630
432,선택: 기본(머리고기+내장+순대),5,얼큰하고 국물이 진해서맛있었어요 내용물도 은근많더라구요,"유통기한꽤 남았어요,포장꼼꼼해요,맛 만족도맛있어요,",20240630
433,선택: 살코기+순대,5,순대가 진짜 맛있어요,"유통기한아주 넉넉해요,포장꼼꼼해요,맛 만족도맛있어요,",20240630
434,선택: 기본(머리고기+내장+순대),5,살면서 먹은 국밥중에 제일 맛있어요,"유통기한아주 넉넉해요,포장꼼꼼해요,맛 만족도맛있어요,",20240630
435,선택: 기본(머리고기+내장+순대),5,비싸지만 맛은 좋은,"유통기한아주 넉넉해요,포장꼼꼼해요,맛 만족도맛있어요,",20240630
436,선택: 기본(머리고기+내장+순대),5,국물맛 진하고 얼큰하니 좋네요~고기나 순대류 건더기도 넉넉하니게 주시네요~국밥집가서 직접 먹는것같은 맛 일품입니다~,"유통기한아주 넉넉해요,포장꼼꼼해요,맛 만족도맛있어요,",20240630
437,선택: 기본(머리고기+내장+순대),3,좋아요 아주 좋아요^^,"맛 만족도평범해요,유통기한꽤 남았어요,포장적당해요,",20240630
438,선택: 기본(머리고기+내장+순대),5,배송도기대이상으로빠르고무엇보단맛있습니다.재주문할게요.감사합니다,"유통기한아주 넉넉해요,포장꼼꼼해요,맛 만족도맛있어요,",20240630
439,선택: 기본(머리고기+내장+순대),5,매운거 못 먹어서 고추장 조금 넣었는데 매움.. 물좀 더 넣고 맛있게 먹었음,"유통기한아주 넉넉해요,포장꼼꼼해요,맛 만족도맛있어요,",20240630
440,선택: 기본(머리고기+내장+순대),5,맛있게 잘먹었어요!!!,"유통기한아주 넉넉해요,포장꼼꼼해요,맛 만족도맛있어요,",20240629
441,선택: 순대만,5,양념장 다 넣으면 땡초 때문에 엄청 매워요. 순대 껍질에 좀 질긴거 빼곤 맛있습니다.,"유통기한아주 넉넉해요,포장꼼꼼해요,맛 만족도맛있어요,",20240629
442,선택: 살코기+순대,5,진짜 완전 맛있게 잘 먹었습니다,"유통기한아주 넉넉해요,포장꼼꼼해요,맛 만족도맛있어요,",20240629
443,선택: 살코기+순대,5,얼큰하고 맛있어요 최고에요 냉동실에 쌓아놓고 먹어요,"유통기한아주 넉넉해요,포장꼼꼼해요,맛 만족도맛있어요,",20240629
444,선택: 기본(머리고기+내장+순대),5,존맛탱입니다 꼭드셔보세요,"유통기한아주 넉넉해요,포장꼼꼼해요,맛 만족도맛있어요,",20240629
445,선택: 기본(머리고기+내장+순대),5,종류별로 주문했어요 해동해서 먹어보고 후기 또 남기겠습니다.,"유통기한아주 넉넉해요,포장꼼꼼해요,맛 만족도맛있어요,",20240629
446,선택: 기본(머리고기+내장+순대),5,두번째 시켜먹었습니다,"유통기한아주 넉넉해요,포장꼼꼼해요,맛 만족도맛있어요,",20240629
447,선택: 기본(머리고기+내장+순대),5,야외 낳아서 먹는데 너무 맛있어요.,"유통기한아주 넉넉해요,포장꼼꼼해요,맛 만족도맛있어요,",20240629
448,선택: 살코기+순대,5,와~대박이에요 진~짜 너무~맛있어요 재주문200퍼입니다,"유통기한아주 넉넉해요,포장꼼꼼해요,맛 만족도맛있어요,",20240628
449,선택: 기본(머리고기+내장+순대),5,맛있게 잘 먹었습니다. 순대가 많아 좋네요,"맛 만족도평범해요,유통기한꽤 남았어요,포장적당해요,",20240628
450,선택: 기본(머리고기+내장+순대),5,맛있습니다 집 앞에서 먹는것보다 훨 낫네요,"유통기한아주 넉넉해요,포장꼼꼼해요,맛 만족도맛있어요,",20240628
451,선택: 살코기+순대,5,기대안했는데 많이 맛있어요~~재주문했어요 ~~,"유통기한꽤 남았어요,포장꼼꼼해요,맛 만족도맛있어요,",20240628
452,선택: 기본(머리고기+내장+순대),5,광교 살아서 수원 지동시장 맘먹으면 갈수 있지만 주차가 헬이라 ㅋ 집에서 편하게 맛있게 먹으려고 주문했어요! 잘 먹을게용 ㅎㅎ,"유통기한아주 넉넉해요,포장꼼꼼해요,맛 만족도맛있어요,",20240628
453,선택: 순대만,5,"아직 시식 전이지만 ,,, 리뷰만 봐도 맛있네요 ㅋㅋㅋ 포장상태도 깔끔하고 무엇보다 재료가 정말 푸짐해요! 들깨가루 별첨도 너무 맘에 듦 ㅎㅎㅎ 주말부터 장마라던데 비 쏟아질때 순대국에 소주한잔 들이켜야겠어용 ~ 맛있게 먹고 또 주문하러 올게용 ^-^","유통기한아주 넉넉해요,포장꼼꼼해요,맛 만족도맛있어요,",20240628
454,선택: 기본(머리고기+내장+순대),5,너무 맛있어서 재구매 바로합니다,"유통기한아주 넉넉해요,포장꼼꼼해요,맛 만족도맛있어요,",20240628
455,선택: 기본(머리고기+내장+순대),5,기대하면서 먹었는데 기대이상입니다.,"유통기한꽤 남았어요,포장꼼꼼해요,맛 만족도맛있어요,",20240627
456,선택: 기본(머리고기+내장+순대),5,와 ㅋㅋㅋ 부산 사람인데 진짜 군시절 철원에서 먹던 순대국도 손에꼽는데 일주일 기다렷다 먹어도 후회안할만큼 맛있네여 레전드,"유통기한아주 넉넉해요,포장꼼꼼해요,맛 만족도맛있어요,",20240627
457,선택: 기본(머리고기+내장+순대),5,너무 맛있어서 끊이는거 귀찮음에도 애만 먹고잇습니다,"유통기한꽤 남았어요,포장적당해요,맛 만족도맛있어요,",20240627
458,선택: 기본(머리고기+내장+순대),5,"매우 만족해요, 상품 포장부터 맛까지 돈 아깝지 않아요 프렌차이즈꺼 포장하지 않으려구요.","유통기한아주 넉넉해요,포장꼼꼼해요,맛 만족도맛있어요,",20240627
459,선택: 기본(머리고기+내장+순대),5,배송 빠르고 만족합니다.,"유통기한꽤 남았어요,포장꼼꼼해요,맛 만족도맛있어요,",20240627
460,선택: 기본(머리고기+내장+순대),4,잘 받았습니다. 잘 먹겠습니다.,"맛 만족도평범해요,유통기한꽤 남았어요,포장적당해요,",20240627
461,선택: 기본(머리고기+내장+순대),5,포장상태도 아주 좋고 맛은 말하면 입아픕니다 정말 잘먹었어요,"유통기한아주 넉넉해요,포장꼼꼼해요,맛 만족도맛있어요,",20240627
462,선택: 기본(머리고기+내장+순대),5,아주 좋아요 많이들 사세요.,"유통기한아주 넉넉해요,포장꼼꼼해요,맛 만족도맛있어요,",20240627
463,선택: 기본(머리고기+내장+순대),5,딸이 이거 맛있다고 또시켜달라고하네요~,"유통기한아주 넉넉해요,포장꼼꼼해요,맛 만족도맛있어요,",20240627
464,선택: 기본(머리고기+내장+순대),5,왜이리 오래건지 알 수 있었던 맛입니다,"유통기한아주 넉넉해요,포장꼼꼼해요,맛 만족도맛있어요,",20240627
465,선택: 기본(머리고기+내장+순대),4,"기본으로 주문했는데 국물도 진하고 머릿고기,내장, 순대 푸짐하게 들어있어요. 일반가게에서 먹으면 곱빼기?정도 될듯요. 다음 할인때는 고기+순대 조합으로 주문해서 먹어보려구요","유통기한아주 넉넉해요,포장꼼꼼해요,맛 만족도맛있어요,",20240626
466,선택: 기본(머리고기+내장+순대),4,가격이 저렴한편은 아닌게 좀 아쉽지만 맛은 보장,"유통기한아주 넉넉해요,포장꼼꼼해요,맛 만족도맛있어요,",20240626
467,선택: 순대만,4,가족들이 맛있게 잘 먹었어요 양도 넉넉해요,"맛 만족도평범해요,유통기한꽤 남았어요,포장꼼꼼해요,",20240626
468,선택: 기본(머리고기+내장+순대),4,가족들이 맛있게 잘 먹었어요 양도 넉넉해요,"맛 만족도평범해요,유통기한꽤 남았어요,포장꼼꼼해요,",20240626
469,선택: 기본(머리고기+내장+순대),5,건더기가 많아서 좋았어요!,"유통기한아주 넉넉해요,포장꼼꼼해요,맛 만족도맛있어요,",20240626
470,선택: 기본(머리고기+내장+순대),5,벌써 4번째 주문입니다. 이ㅢ들이 좋아해요.,"유통기한꽤 남았어요,포장적당해요,맛 만족도맛있어요,",20240626
471,선택: 살코기+순대,5,"진짜 맛있어요. 배송 제품이 이만큼 맛있을 거라는 생각을 안 했었어요. 동네에 엄청 맛있는 순대국밥집이 있는게 아니면 그냥 이거 사먹는게 낫겠습니다. 반반으로 주문했는데 순대는 순대대로 충실하고, 뭣보다 고기가 굉장히 쫄깃해요. 혼자 살아서 많이 소비해내지 못해서 그렇지 몇 개 쟁여놓고 먹을 만합니다. 다 쳐먹어서 사진은 없습니다.","유통기한아주 넉넉해요,포장꼼꼼해요,맛 만족도맛있어요,",20240625
472,선택: 살코기+순대,5,맛있어서 또 주문했어요,"유통기한꽤 남았어요,포장적당해요,맛 만족도맛있어요,",20240625
473,선택: 살코기+순대,5,잘 받았습니다 ~~~~,"유통기한꽤 남았어요,포장적당해요,맛 만족도맛있어요,",20240625
474,선택: 살코기+순대,5,잡내도 하나도 안나고 너무너무 맛있었습니다 부모님도 다 괜찮다 세일할때 한번 더 주문해라 하시더라구요! 잘먹었습니다,"유통기한꽤 남았어요,포장꼼꼼해요,맛 만족도맛있어요,",20240625
475,선택: 기본(머리고기+내장+순대),5,포장도 깔끔하고 너무 좋네요,"유통기한아주 넉넉해요,포장꼼꼼해요,맛 만족도맛있어요,",20240625
476,선택: 살코기+순대,5,포장도 각각 개별 보장 깔끔하게 잘 되있어 너무 좋네요,"유통기한아주 넉넉해요,포장꼼꼼해요,맛 만족도맛있어요,",20240625
477,선택: 살코기+순대,5,국물이 찐하고 맛있습니다. 양도 넉넉하고 많아요.,"유통기한아주 넉넉해요,포장꼼꼼해요,맛 만족도맛있어요,",20240625
478,선택: 순대만,5,국물이 찐하고 맛있습니다. 양도 넉넉하고 많아요.,"유통기한아주 넉넉해요,포장꼼꼼해요,맛 만족도맛있어요,",20240625
479,선택: 기본(머리고기+내장+순대),5,국물이 찐하고 맛있습니다. 양도 많고 넉넉해요,"유통기한꽤 남았어요,포장꼼꼼해요,맛 만족도맛있어요,",20240625
480,선택: 살코기+순대,5,맵짠맵짠해서 너무 좋아요,"유통기한아주 넉넉해요,포장꼼꼼해요,맛 만족도맛있어요,",20240625
481,선택: 기본(머리고기+내장+순대),5,맛은 좋아요 다만 배송이 조금 오래걸리는.. 아이가 좋아해 재구매 의사 있어요,"유통기한아주 넉넉해요,포장꼼꼼해요,맛 만족도맛있어요,",20240624
482,선택: 기본(머리고기+내장+순대),5,맛이 좋네요 집에서 해먹어도 가게에서 사서 먹는 것과 비슷해요,"유통기한아주 넉넉해요,포장꼼꼼해요,맛 만족도맛있어요,",20240624
483,선택: 기본(머리고기+내장+순대),5,배송이 늦어지만 맛과양 모두 만족해요,"유통기한아주 넉넉해요,포장꼼꼼해요,맛 만족도맛있어요,",20240624
484,선택: 기본(머리고기+내장+순대),5,근처 국밥집이 더맛있을까봐 걱정햌ㅅ는데 맛있어요 ㅎ ㅎㅎ 순대 꿀맛,"유통기한아주 넉넉해요,포장꼼꼼해요,맛 만족도맛있어요,",20240624
485,선택: 기본(머리고기+내장+순대),5,두번째 구매인데 넘 맛있게 잘먹었어요.자꾸 생각나는 맛!,"유통기한꽤 남았어요,포장꼼꼼해요,맛 만족도맛있어요,",20240624
486,선택: 기본(머리고기+내장+순대),5,감사합니다 맛있어요,"유통기한아주 넉넉해요,포장꼼꼼해요,맛 만족도맛있어요,",20240624
487,선택: 기본(머리고기+내장+순대),4,기대없었는데 의외로 맛있게 잘 먹었어요~저희에겐 좀 매웠지만 못 먹을정돈 아니구요^^특히나 포장이 마음에 드네요!!!,"유통기한아주 넉넉해요,포장꼼꼼해요,맛 만족도맛있어요,",20240623
488,선택: 기본(머리고기+내장+순대),5,순대국밥 맛집을 찾기가 너무 힘들었는데 이제야 찾았네요... 건더기가 너무 실해서 두 끼로 나눠 먹었어요 행사 전 가격이 비싸다고 생각했는데 건더기 보니까 전혀...!! 진짜 맛있습니다 자주 구매할게요~!,"유통기한아주 넉넉해요,포장적당해요,맛 만족도맛있어요,",20240623
489,선택: 기본(머리고기+내장+순대),5,양도 많고 너무 맛있고 괜찮습니다. 추천 드립니다. 이 스파쿵빵,"유통기한아주 넉넉해요,포장꼼꼼해요,맛 만족도맛있어요,",20240623
490,선택: 기본(머리고기+내장+순대),5,맛있어요 다음에 또 이용할께요 감사합니다,"유통기한아주 넉넉해요,포장꼼꼼해요,맛 만족도맛있어요,",20240623
491,선택: 기본(머리고기+내장+순대),5,재주문 하러 올거예요,"유통기한아주 넉넉해요,포장꼼꼼해요,맛 만족도맛있어요,",20240623
492,선택: 살코기+순대,5,집에도 보내줬는데 맛있다고 재주문 해달라했어요!!!,"유통기한아주 넉넉해요,포장꼼꼼해요,맛 만족도맛있어요,",20240623
493,선택: 살코기+순대,5,맛있어요 재구매인데 할인행사까지해서 너무 좋았어요 아쉬운건 배송이 늦다는거.... 하지만 기다린만큼 맛있어서 좋아요,"유통기한아주 넉넉해요,포장꼼꼼해요,맛 만족도맛있어요,",20240623
494,선택: 기본(머리고기+내장+순대),4,부모님께 편하게 드시라고 보내드렸어요,"유통기한꽤 남았어요,포장적당해요,맛 만족도맛있어요,",20240623
495,선택: 기본(머리고기+내장+순대),5,맛있어요 맵긴 합니다 ㅎㅎ,"유통기한아주 넉넉해요,포장꼼꼼해요,맛 만족도맛있어요,",20240623
496,선택: 기본(머리고기+내장+순대),5,세번째 주문입니다. 이번엔 육수 포장이 터진게 있어서 조금 샜네요..ㅜㅜ 그래도 역시 맛은 최고 입니다!!,"유통기한꽤 남았어요,포장적당해요,맛 만족도맛있어요,",20240623
497,선택: 기본(머리고기+내장+순대),5,잘 먹고 있습니다 맛나요,"유통기한아주 넉넉해요,포장꼼꼼해요,맛 만족도맛있어요,",20240622
498,선택: 기본(머리고기+내장+순대),5,매번 잘 사용 중입니다,"유통기한아주 넉넉해요,포장꼼꼼해요,맛 만족도맛있어요,",20240622
499,선택: 기본(머리고기+내장+순대),5,진짜 기다림의 보람을 넘어서는 맛이였습니다. 맛있게 잘 먹었습니다. 또 주문할게요.,"유통기한아주 넉넉해요,포장꼼꼼해요,맛 만족도맛있어요,",20240622
500,선택: 기본(머리고기+내장+순대),5,잘받았어요 오늘 먹어보고 나중에 또 후기 남길게요,"유통기한꽤 남았어요,포장꼼꼼해요,맛 만족도맛있어요,",20240622
501,선택: 기본(머리고기+내장+순대),5,맛있게 잘먹었습니다,"맛 만족도평범해요,유통기한꽤 남았어요,포장적당해요,",20240622
502,선택: 살코기+순대,5,맛있게 잘 먹었습니다,"맛 만족도평범해요,유통기한꽤 남았어요,포장적당해요,",20240622
503,선택: 기본(머리고기+내장+순대),4,배송은 엄청 걸렸는데 순대가 야채듬뿍에 새우젓. 들깨가루까지 포장되어있어 좋아여.,"유통기한아주 넉넉해요,포장적당해요,맛 만족도맛있어요,",20240622
504,선택: 살코기+순대,5,재구매도 만족합니다. 꾸준히 사먹을거 같네요.,"유통기한아주 넉넉해요,포장꼼꼼해요,맛 만족도맛있어요,",20240622
505,선택: 살코기+순대,5,맛은 진짜 맛있습니다 양은 일반국밥 곱빼기정도 양인데 가격이 비싸서 또 사먹을지 고민이 좀 되네요,"유통기한아주 넉넉해요,포장꼼꼼해요,맛 만족도맛있어요,",20240622
506,선택: 기본(머리고기+내장+순대),5,"냄새없고 깔끔하고 맛있어요. 고추다대기, 새우젓 마저 신선하고 맛있네요. 좋은 재료를 사용하시는 것 같아요. 강추합니다","유통기한아주 넉넉해요,포장꼼꼼해요,맛 만족도맛있어요,",20240621
507,선택: 순대만,5,너무 맛나요 매운거좋아하심 당장시키세요 ㅎㅎ,"유통기한꽤 남았어요,포장꼼꼼해요,맛 만족도맛있어요,",20240621
508,선택: 기본(머리고기+내장+순대),5,넘넘 맛나요 저 진짜 단골할래요 특이한 매움 최애등극이에요!!!!!!,"유통기한꽤 남았어요,포장꼼꼼해요,맛 만족도맛있어요,",20240621
509,선택: 기본(머리고기+내장+순대),5,재재구매중 맛있게 잘 먹고있습니다,"유통기한아주 넉넉해요,포장꼼꼼해요,맛 만족도맛있어요,",20240621
510,선택: 기본(머리고기+내장+순대),5,하나 하나 포장이 마음에 들어요.,"유통기한아주 넉넉해요,포장꼼꼼해요,맛 만족도맛있어요,",20240621
511,선택: 살코기+순대,5,먹을때마다 맛있어요,"유통기한아주 넉넉해요,포장꼼꼼해요,맛 만족도맛있어요,",20240621
512,선택: 기본(머리고기+내장+순대),5,얼큰하고 순대도 맛있어요,"유통기한아주 넉넉해요,포장꼼꼼해요,맛 만족도맛있어요,",20240621
513,선택: 기본(머리고기+내장+순대),5,순대국이아주맛있네요포장또한꼼꼼합니다,"유통기한아주 넉넉해요,포장꼼꼼해요,맛 만족도맛있어요,",20240621
514,선택: 기본(머리고기+내장+순대),5,아들 최애 순대국 지난번 보다 배송이 빨라져서 좋아요.,"유통기한꽤 남았어요,포장적당해요,맛 만족도맛있어요,",20240621
515,선택: 기본(머리고기+내장+순대),5,먹어보고 맛있어서 3번째 재구매합니다!,"유통기한꽤 남았어요,포장꼼꼼해요,맛 만족도맛있어요,",20240621
516,선택: 기본(머리고기+내장+순대),5,맛있어요. 양도 많고,"유통기한꽤 남았어요,포장적당해요,맛 만족도맛있어요,",20240621
517,선택: 기본(머리고기+내장+순대),5,다대기가 터졌지만 좋습니다,"유통기한아주 넉넉해요,포장적당해요,맛 만족도맛있어요,",20240620
518,선택: 기본(머리고기+내장+순대),5,구성도 알차고 간편한 대비 맛있네용,"유통기한아주 넉넉해요,포장꼼꼼해요,맛 만족도맛있어요,",20240620
519,선택: 기본(머리고기+내장+순대),5,맛있게 먹었어요 다음에 또 주문할게요,"유통기한아주 넉넉해요,포장꼼꼼해요,맛 만족도맛있어요,",20240620
520,선택: 순대만,5,항상 애용하는 얼키니 순대국이예요. 너무 맛있어요. 계속 재구매중입니다,"유통기한꽤 남았어요,포장꼼꼼해요,맛 만족도맛있어요,",20240620
521,선택: 기본(머리고기+내장+순대),5,마싯게묵엇습이다아아,"유통기한아주 넉넉해요,포장꼼꼼해요,맛 만족도맛있어요,",20240620
522,선택: 기본(머리고기+내장+순대),5,배송이 늦어지기 했지만 더운날씨에도 안전하게 잘 받았습니다. 맛도 좋고 재구매하고 싶습니다,"맛 만족도평범해요,유통기한꽤 남았어요,포장적당해요,",20240620
523,선택: 기본(머리고기+내장+순대),5,순대국밥충이라 순대국 맛집을 찾아다녔는데 집에서도 맛있는 순대국을 먹을수 있어서 좋아요 !!,"유통기한아주 넉넉해요,포장꼼꼼해요,맛 만족도맛있어요,",20240620
524,선택: 기본(머리고기+내장+순대),5,몇주기다리고 받은 순대국ㅜㅜㅜ진하고 맛잇어요!사먹는것같아용 양념장도마싯음,"유통기한꽤 남았어요,포장적당해요,맛 만족도맛있어요,",20240619
525,선택: 순대만,5,맛은있었어요.배송은 늦었지만ㅠㅡㅠ,"유통기한아주 넉넉해요,포장꼼꼼해요,맛 만족도맛있어요,",20240619
526,선택: 살코기+순대,5,너무맛있었습니다. 만족도 만점,"유통기한아주 넉넉해요,포장꼼꼼해요,맛 만족도맛있어요,",20240619
527,선택: 기본(머리고기+내장+순대),5,맛있게 잘 먹었어요 집에서도 순댓국 이렇게 맛있게 먹을 수 있어서 좋아요,"유통기한꽤 남았어요,포장적당해요,맛 만족도맛있어요,",20240619
528,선택: 기본(머리고기+내장+순대),5,아주 아주 개 맛있습니다,"유통기한아주 넉넉해요,포장꼼꼼해요,맛 만족도맛있어요,",20240619
529,선택: 순대만,5,양념 하나 터져서 오긴했는데 맛은 있었어요 다음에 또 라이브하면 사야지 하고 있네여,"유통기한꽤 남았어요,포장적당해요,맛 만족도맛있어요,",20240619
530,선택: 살코기+순대,5,그냥 진짜 정말 맛있습니다.,"유통기한아주 넉넉해요,포장꼼꼼해요,맛 만족도맛있어요,",20240619
531,선택: 기본(머리고기+내장+순대),5,너무 맛있습니다 재구매 무조건 합니다,"유통기한아주 넉넉해요,포장꼼꼼해요,맛 만족도맛있어요,",20240619
532,선택: 기본(머리고기+내장+순대),5,순대국 매니아 가장 건더기 많음 얼큰함 조절가능 무엇보다 애들이 다 먹어버려서 맛을 충분히 못 먹음 그래서 또 주문함 근데 또 지연 ㅠㅠ,"유통기한아주 넉넉해요,포장꼼꼼해요,맛 만족도맛있어요,",20240618
533,선택: 살코기+순대,5,순대국 매니아 가장 건더기 많음 얼큰함 조절가능 무엇보다 애들이 다 먹어버려서 맛을 충분히 못 먹음 그래서 또 주문함 근데 또 지연 ㅠㅠ,"유통기한아주 넉넉해요,포장꼼꼼해요,맛 만족도맛있어요,",20240618
534,선택: 기본(머리고기+내장+순대),5,이 조합이 의외로 넘 좋았어요 담엔 추가로 많이 시키고싶어요,"유통기한아주 넉넉해요,포장꼼꼼해요,맛 만족도맛있어요,",20240618
535,선택: 살코기+순대,5,너무 맛있어요 ^^ 가끔 생각날때 꺼내먹기 좋아요 맛도 최고,"유통기한아주 넉넉해요,포장꼼꼼해요,맛 만족도맛있어요,",20240618
536,선택: 순대만,5,이건 도무지 싫어할수 없는 맛 ㅎ 살코기 내장 순대가 의외로 깔끔하고 맛있네요 담엔 추가로 내장이랑 순대도 시켜야겠어요 많이 기달린 보담있었어요 ^^,"유통기한아주 넉넉해요,포장꼼꼼해요,맛 만족도맛있어요,",20240618
537,선택: 기본(머리고기+내장+순대),5,4번째 재구매 넘 맛있어요,"유통기한아주 넉넉해요,포장꼼꼼해요,맛 만족도맛있어요,",20240618
538,선택: 살코기+순대,5,식구들이 잘 먹어요,"유통기한아주 넉넉해요,포장꼼꼼해요,맛 만족도맛있어요,",20240618
539,선택: 기본(머리고기+내장+순대),5,지난번에 주문하고 너무 괜찮아서 재주문했습니다,"맛 만족도평범해요,유통기한꽤 남았어요,포장적당해요,",20240618
540,초특가★: 2. 얼큰순대국 : 순대만,5,아이들도 맛있게 잘 먹었어요~ 매운거 못먹는데 적당하니 맛있습니다.,"유통기한아주 넉넉해요,포장꼼꼼해요,맛 만족도맛있어요,",20240618
541,선택: 기본(머리고기+내장+순대),5,역시 맛있어요 최곰,"유통기한아주 넉넉해요,포장꼼꼼해요,맛 만족도맛있어요,",20240618
542,선택: 기본(머리고기+내장+순대),5,재구매 2회 했습니다. 이제 와이프 아이디로 재구매할듯...,"유통기한아주 넉넉해요,포장꼼꼼해요,맛 만족도맛있어요,",20240617
543,선택: 기본(머리고기+내장+순대),5,항상 맛있어서 재구매합니다. 약간 고추가 맵긴합니다,"유통기한아주 넉넉해요,포장꼼꼼해요,맛 만족도맛있어요,",20240617
544,선택: 기본(머리고기+내장+순대),5,맛있어요 맛있어요.,"유통기한아주 넉넉해요,포장꼼꼼해요,맛 만족도맛있어요,",20240617
545,선택: 기본(머리고기+내장+순대),5,조아요 맛있아요 감사,"맛 만족도평범해요,유통기한꽤 남았어요,포장적당해요,",20240617
546,선택: 살코기+순대,5,맛있게 잘 먹었습니다. 냄새도 안나고 얼큰하게 잘 먹었습니다.,"유통기한꽤 남았어요,포장꼼꼼해요,맛 만족도맛있어요,",20240616
547,선택: 순대만,5,또 구매하겠습니다. 맛있어요.,"유통기한아주 넉넉해요,포장꼼꼼해요,맛 만족도맛있어요,",20240616
548,선택: 살코기+순대,5,지인 소개로 구매했습니다. 맛 있어요.,"유통기한아주 넉넉해요,포장꼼꼼해요,맛 만족도맛있어요,",20240616
549,선택: 기본(머리고기+내장+순대),5,맛있게 잘 먹었습니다 ^^,"유통기한아주 넉넉해요,포장꼼꼼해요,맛 만족도맛있어요,",20240616
550,선택: 살코기+순대,5,너무 맛있게 먹었어요..재구매 할께요,"유통기한아주 넉넉해요,포장꼼꼼해요,맛 만족도맛있어요,",20240616
551,선택: 기본(머리고기+내장+순대),5,유튜브 보고 주문해봤는데 진짜 맛있네요 ㅎㅎ 가격은 좀 비싼 편이긴 하지만 그래도 가끔 할인 행사할 때 쟁여놓을만합니다 ㅎㅎㅎ,"유통기한아주 넉넉해요,포장꼼꼼해요,맛 만족도맛있어요,",20240616
552,선택: 순대만,5,남편이 엄청 맛있다고 맛집을 어떻게 찾았냐고ㅎㅎ 기회되면 직접가서 먹어보고싶네요,"유통기한아주 넉넉해요,포장꼼꼼해요,맛 만족도맛있어요,",20240616
553,선택: 기본(머리고기+내장+순대),5,순대도 맛있고 고기도 야들야들해요 양도 푸짐해서 4인식구 3봉 먹고도 남았어요 양념에 있는 청양고추 다 넣었더니 맵찔이는 너무 매운데 맛있네요,"유통기한아주 넉넉해요,포장꼼꼼해요,맛 만족도맛있어요,",20240616
554,선택: 기본(머리고기+내장+순대),5,비싸지만 좋습니다 예,"유통기한아주 넉넉해요,포장꼼꼼해요,맛 만족도맛있어요,",20240615
555,선택: 기본(머리고기+내장+순대),4,맛있긴 하나 큰기대는 하지마세요.,"맛 만족도평범해요,유통기한꽤 남았어요,포장꼼꼼해요,",20240615
556,선택: 기본(머리고기+내장+순대),5,잘받았습니다 잘먹을께요,"유통기한아주 넉넉해요,포장꼼꼼해요,맛 만족도맛있어요,",20240615
557,초특가★: 3. 얼큰순대국 : 살코기+순대,5,배송 빠르네요~ 설명대로 주문내용과 동일하게 잘 왔고요 다음에 또 구입할게요~,"유통기한아주 넉넉해요,포장꼼꼼해요,맛 만족도맛있어요,",20240615
558,선택: 살코기+순대,5,맛있다 소개받고 주문했는데.. 정말 맛있네요.. 더 주문했어야하는데 아쉽네요.. 보름정도걸려서 배송받았는데 기다린 보람있네요,"유통기한아주 넉넉해요,포장꼼꼼해요,맛 만족도맛있어요,",20240614
559,선택: 살코기+순대,5,감사합니다 잘받았습니다.,"유통기한아주 넉넉해요,포장꼼꼼해요,맛 만족도맛있어요,",20240614
560,선택: 기본(머리고기+내장+순대),5,"배송은 오래 기다렸으나, 고기냄새도 안나고 맛있어요. 양도 엄청 많네요~ 재주문 할 예정입니다","유통기한꽤 남았어요,포장적당해요,맛 만족도맛있어요,",20240614
561,선택: 살코기+순대,5,맛있어서 재구매 했어요,"유통기한아주 넉넉해요,포장꼼꼼해요,맛 만족도맛있어요,",20240614
562,선택: 기본(머리고기+내장+순대),5,맛있어서 재구매 했어요,"유통기한아주 넉넉해요,포장꼼꼼해요,맛 만족도맛있어요,",20240614
563,선택: 기본(머리고기+내장+순대),5,양도 넉넉하고 얼큰하고 맛있네요,"유통기한아주 넉넉해요,포장꼼꼼해요,맛 만족도맛있어요,",20240614
564,초특가★: 2. 얼큰순대국 : 순대만,5,맛있게 잘 먹었습니다^^,"유통기한아주 넉넉해요,포장꼼꼼해요,맛 만족도맛있어요,",20240614
565,선택: 기본(머리고기+내장+순대),5,좋습니다. 매번 쟁여놓고 먹지는 않아도 가끔 생각날거같아요,"유통기한아주 넉넉해요,포장꼼꼼해요,맛 만족도맛있어요,",20240614
566,선택: 살코기+순대,5,잡내 없고 딱 좋게 얼큰해요^^ 세 번째 구입입니다,"유통기한꽤 남았어요,포장꼼꼼해요,맛 만족도맛있어요,",20240614
567,선택: 기본(머리고기+내장+순대),5,뜨끈하고 든든하게 잘먹었습니다,"유통기한꽤 남았어요,포장꼼꼼해요,맛 만족도맛있어요,",20240614
568,선택: 살코기+순대,5,맛있어요 정말 맛있어요,"유통기한아주 넉넉해요,포장꼼꼼해요,맛 만족도맛있어요,",20240613
569,선택: 기본(머리고기+내장+순대),5,맛있어요정말맛있어요,"유통기한아주 넉넉해요,포장꼼꼼해요,맛 만족도맛있어요,",20240613
570,선택: 기본(머리고기+내장+순대),5,맛있어요~~맛있어요~~맛있어요~~,"유통기한아주 넉넉해요,포장꼼꼼해요,맛 만족도맛있어요,",20240613
571,선택: 살코기+순대,5,"순대도 맛있고, 국물도 맛있네요~ 맛있습니다","유통기한아주 넉넉해요,포장꼼꼼해요,맛 만족도맛있어요,",20240613
572,선택: 기본(머리고기+내장+순대),4,기대많이 안하고 먹으면 괜찮은 정도. 하지만 금액+배송기간을 생각하면 굳이..?,"맛 만족도평범해요,유통기한꽤 남았어요,포장꼼꼼해요,",20240613
573,선택: 기본(머리고기+내장+순대),5,생각보다 맛있어서 놀랐어요~! 얼큰해서 해장으로 먹기에도 좋습니다! 센스있데 조리법도 이렇게 보내주시더라고요~^^ 감사합니다.,"유통기한꽤 남았어요,포장꼼꼼해요,맛 만족도맛있어요,",20240612
574,선택: 살코기+순대,5,너무 맛있어요ㅜㅠ 계속 생각나는 맛이에요.. 현재 다이어트 중이라 시켜먹고 있지는 않지만 반드시 끝마녀 시켜서 먹을겁니다!!! 계속 판매해주세요...ㅎ,"유통기한아주 넉넉해요,포장꼼꼼해요,맛 만족도맛있어요,",20240612
575,선택: 살코기+순대,5,냄새 하나 안나고 진짜 맛있음,"유통기한아주 넉넉해요,포장꼼꼼해요,맛 만족도맛있어요,",20240612
576,선택: 기본(머리고기+내장+순대),5,기다린 시간만큼 맛이 훌륭하네요 간편한 조리 +신선한 재료 재구매 할게요~,"유통기한아주 넉넉해요,포장꼼꼼해요,맛 만족도맛있어요,",20240612
577,선택: 살코기+순대,5,맛있어요 아주 찐이요,"유통기한아주 넉넉해요,포장꼼꼼해요,맛 만족도맛있어요,",20240611
578,선택: 기본(머리고기+내장+순대),5,상품잘받았습니다 아 진짜 맛있습니다 배송은 느립니다 오래 기다렸어요 왜 맛집인지 드셔보시면 아하 하실것 같습니다 또 주문하겠습니다 소문도 내고 선물도 하면 좋을것 같네요 인생식탁 감사합니다,"유통기한아주 넉넉해요,포장꼼꼼해요,맛 만족도맛있어요,",20240611
579,선택: 살코기+순대,5,저번에먹어보고맛있다고두아들이시켜달라고해서먹네요맛나요,"유통기한꽤 남았어요,포장적당해요,맛 만족도맛있어요,",20240611
580,선택: 기본(머리고기+내장+순대),5,두번째 구매입니다 얼큰하니 맛있네요. 할인하면 재구매 의향 있어요,"유통기한꽤 남았어요,포장적당해요,맛 만족도맛있어요,",20240611
581,선택: 기본(머리고기+내장+순대),5,진짜 칼칼하게 잘먹었습니다. 절로 술을 부르네요,"유통기한아주 넉넉해요,포장꼼꼼해요,맛 만족도맛있어요,",20240611
582,선택: 기본(머리고기+내장+순대),5,맛있네요 얼큰하면서도 속도 안아프고 고기도 듬뿍 만족합니다. 갑자기 돈코츠 라면이 땡겨서 이 국밥에 사리면 넣어서 카라돈코츠 라면해먹었네요 ㅋㅋㅋ,"유통기한꽤 남았어요,포장꼼꼼해요,맛 만족도맛있어요,",20240611
583,선택: 기본(머리고기+내장+순대),5,식구들 모두 엄지척하며 너무 맛있게 잘 먹었어욧 먹어본 순대국밥 중 최고였어요!!,"유통기한꽤 남았어요,포장꼼꼼해요,맛 만족도맛있어요,",20240610
584,선택: 순대만,4,평이 좋아서 구매했엇습니다. 기대만큼은 아니지만 괜찮았습니다.,"맛 만족도평범해요,유통기한꽤 남았어요,포장적당해요,",20240610
585,선택: 기본(머리고기+내장+순대),4,맛있네요 누린내 안나고 양도2개 개봉 3인이 잘먹었에요 처음 시킨건데 좋아요~~ 재구매의사 있음 근데 간이 좀 쌘편이요^^,"유통기한꽤 남았어요,포장꼼꼼해요,맛 만족도맛있어요,",20240610
586,선택: 기본(머리고기+내장+순대),5,잘 받았습니닷~ 신선하고 포장도 정성스러워요' 맛도 조아요~맛있게 잘먹었습니다~,"맛 만족도평범해요,유통기한꽤 남았어요,포장적당해요,",20240609
587,선택: 기본(머리고기+내장+순대),5,맛있게 잘 먹었습니다,"유통기한아주 넉넉해요,포장꼼꼼해요,맛 만족도맛있어요,",20240609
588,선택: 기본(머리고기+내장+순대),5,너무 맛있어서 쟁여두고 먹습니다 ㅎㅎ 다 먹고 또 주문 할께요!!,"유통기한아주 넉넉해요,포장꼼꼼해요,맛 만족도맛있어요,",20240608
589,선택: 기본(머리고기+내장+순대),5,기달린만큼 엄청 맛있진 않는데 꾀나 실합니다 배송만 빠르게 온다면 좋을거 같아요,"유통기한아주 넉넉해요,포장꼼꼼해요,맛 만족도맛있어요,",20240608
590,선택: 기본(머리고기+내장+순대),5,집 주변 맛집처럼 엄청난 그런건 아니였지만 건더기도 엄정 많고 편하게 집에서 이정도 퀄리티? 대만족,"유통기한아주 넉넉해요,포장꼼꼼해요,맛 만족도맛있어요,",20240607
591,선택: 기본(머리고기+내장+순대),5,아들이 최고라고 하네요,"유통기한아주 넉넉해요,포장꼼꼼해요,맛 만족도맛있어요,",20240607
592,선택: 기본(머리고기+내장+순대),5,맛있고 재구매 의사 있음,"유통기한아주 넉넉해요,포장꼼꼼해요,맛 만족도맛있어요,",20240607
593,선택: 기본(머리고기+내장+순대),5,생각보다 건더기도 많고 간도 딱 이네요,"유통기한꽤 남았어요,포장꼼꼼해요,맛 만족도맛있어요,",20240606
594,선택: 기본(머리고기+내장+순대),5,맛있게 잘 먹었습니다,"유통기한아주 넉넉해요,포장꼼꼼해요,맛 만족도맛있어요,",20240606
595,선택: 기본(머리고기+내장+순대),5,얼큰하고 해장하기 너무 좋았습니다. 재구매 예정,"유통기한아주 넉넉해요,포장꼼꼼해요,맛 만족도맛있어요,",20240606
596,선택: 기본(머리고기+내장+순대),5,맛있게 잘 먹었어요!,"유통기한꽤 남았어요,포장꼼꼼해요,맛 만족도맛있어요,",20240605
597,선택: 기본(머리고기+내장+순대),5,여전히 맛있고 좋네요. 특가로 구입해서 10개나 한번에 샀어요. 근데 실수였는지 순대만..으로 주문했나봐요. 고기도 있었어야했는데.. 담엔 잘보고 주문해야겠어요,"유통기한꽤 남았어요,포장꼼꼼해요,맛 만족도맛있어요,",20240605
598,선택: 순대만,5,잘 먹고 있습니다 ~ 1달 후기 나중에 올릴게요,"맛 만족도평범해요,유통기한꽤 남았어요,포장적당해요,",20240605
599,선택: 기본(머리고기+내장+순대),5,3개중1개 양념장이 터져왔어요 1인분씩포장이라 그나마 다행이예요 간이 딱 맞아요 재구매예정,"유통기한아주 넉넉해요,포장꼼꼼해요,맛 만족도맛있어요,",20240605
600,선택: 살코기+순대,5,양과 맛 두가지 다 좋네요.잘 먹었습니다.,"유통기한아주 넉넉해요,포장꼼꼼해요,맛 만족도맛있어요,",20240605
601,선택: 기본(머리고기+내장+순대),4,맛이 없진 않은데 동네 순대 국밥집 보다 맛있지 않아요. 밥맛없을때 하나씩 해먹으면 좋겠어요.,"맛 만족도평범해요,유통기한꽤 남았어요,포장적당해요,",20240605
602,선택: 기본(머리고기+내장+순대),5,너무 맛있어요!!!,"유통기한아주 넉넉해요,포장꼼꼼해요,맛 만족도맛있어요,",20240605
603,선택: 기본(머리고기+내장+순대),5,재주문입니다 맛있게 잘 먹고있습니다 굳,"유통기한아주 넉넉해요,포장꼼꼼해요,맛 만족도맛있어요,",20240605
604,선택: 기본(머리고기+내장+순대),5,JMT...!!!!!!!!,"유통기한아주 넉넉해요,포장꼼꼼해요,맛 만족도맛있어요,",20240604
605,선택: 기본(머리고기+내장+순대),4,잘받았습니다 양념장 포장을 개선하여야할것같아요.다 흘러서 육수.고기포장용기에 다 묻어서 당황스럽습니다 고추를 주지말고 다대기를 비닐포장하는것이 어떠신지? 아니면 일회용용기에 랩을 한번덮 고 뚜껑을 닫으시던지..쩝,"맛 만족도평범해요,유통기한꽤 남았어요,포장별로예요,",20240604
606,선택: 기본(머리고기+내장+순대),5,"맛있습니다, 다음에도 또 구매하겠습니다!","유통기한아주 넉넉해요,포장꼼꼼해요,맛 만족도맛있어요,",20240604
607,선택: 기본(머리고기+내장+순대),5,전에 한번 시키고 이번이 2번째입니다,"유통기한꽤 남았어요,포장적당해요,맛 만족도맛있어요,",20240604
608,선택: 기본(머리고기+내장+순대),5,순댓국 정말 맛있어요. 냉동실에 넣어뒀다 꺼내먹으면 맛집에서 먹는 순댓국 안부럽습니다. 배송이 좀 더 빨랐으면 좋겠고 양이 조금만 더 있었으면 하는 개인적인 바램은 있습니다. 혼자먹긴 많고 둘이먹긴 살짝 아쉬운 편이어서요 ^^,"유통기한꽤 남았어요,포장꼼꼼해요,맛 만족도맛있어요,",20240604
609,선택: 살코기+순대,5,옛날 맛이 그대로 있네요. 감사합니다.,"유통기한아주 넉넉해요,포장꼼꼼해요,맛 만족도맛있어요,",20240604
610,선택: 순대만,5,맛있다고 추천받고 구매하려고 보니깐 가격이 꽤 비싸서 구매결정이 망설여 지더군요. 그래도 맛있다고 하니깐 한번 먹어보자 하는 마음에 구매를 했는데 냄새도 안나고 칼칼한 국물에(다대기 조절가능)깊은맛까지..너무 만족했습니다. 다만 배송이 좀 오래걸려서 그게 단점이예요.,"유통기한꽤 남았어요,포장꼼꼼해요,맛 만족도맛있어요,",20240604
611,선택: 기본(머리고기+내장+순대),5,양도 푸짐하고 맛있어요. 얼큰한 맛이라 양념장은 잘 조절해서 넣어야해요.,"유통기한아주 넉넉해요,포장꼼꼼해요,맛 만족도맛있어요,",20240604
612,선택: 순대만,5,아드녀석이 유투브보고 사달라해서 구입했는데 양도 푸짐하고 맛있어요,"유통기한아주 넉넉해요,포장꼼꼼해요,맛 만족도맛있어요,",20240604
613,선택: 기본(머리고기+내장+순대),5,Goodgoodgood,"유통기한아주 넉넉해요,포장꼼꼼해요,맛 만족도맛있어요,",20240604
614,선택: 기본(머리고기+내장+순대),5,아들이 5학년인데 너무 잘먹네요! 또 재구매할께요! 너무 맛있다네요,"유통기한아주 넉넉해요,포장꼼꼼해요,맛 만족도맛있어요,",20240603
615,선택: 기본(머리고기+내장+순대),5,맛있네요. 제품은 한참후에 받았지만 어제 첨으로 해먹었는데 맛있어요 다데기도 따로 잘 주셔서 맛있습니다. 간편하게 잘 먹었습니다.,"유통기한꽤 남았어요,포장꼼꼼해요,맛 만족도맛있어요,",20240603
616,선택: 기본(머리고기+내장+순대),5,순대국이 칼칼하니 맛있습니다.,"유통기한아주 넉넉해요,포장꼼꼼해요,맛 만족도맛있어요,",20240603
617,선택: 기본(머리고기+내장+순대),5,부모님 선물드렸는데 넘 맛있다고 하시네요 ㅎㅎ,"유통기한아주 넉넉해요,포장꼼꼼해요,맛 만족도맛있어요,",20240603
618,선택: 기본(머리고기+내장+순대),5,아직 안먹어봤는데 기대되네요,"유통기한아주 넉넉해요,포장꼼꼼해요,맛 만족도맛있어요,",20240602
619,선택: 기본(머리고기+내장+순대),5,맛있게 잘 먹었어요,"유통기한아주 넉넉해요,포장꼼꼼해요,맛 만족도맛있어요,",20240602
620,선택: 기본(머리고기+내장+순대),3,배송이 너무 느리고 기대를해서인지 실망도 큽니다,"맛 만족도평범해요,유통기한꽤 남았어요,포장적당해요,",20240602
621,선택: 순대만,5,맛있게 잘 먹고있어요.,"유통기한아주 넉넉해요,포장꼼꼼해요,맛 만족도맛있어요,",20240601
622,선택: 기본(머리고기+내장+순대),5,재주문해서 오늘 도착 도착후 바로 한그릇 뚝딱!!,"유통기한아주 넉넉해요,포장꼼꼼해요,맛 만족도맛있어요,",20240601
623,선택: 기본(머리고기+내장+순대),5,유튜브 보다가 알게되어서 시켜봤는데 생각보다 괜찮네요 생각날때마다 종종 시켜먹을거같아요,"유통기한아주 넉넉해요,포장꼼꼼해요,맛 만족도맛있어요,",20240601
624,선택: 기본(머리고기+내장+순대),4,"국물도 진하고 건더기도 풍성하고, 맛있네요 오래 기다릴만했어요 부모님드리려고 넉넉히 주문했어요 양념장을 다 넣으면 많이 매콤해요 적당히 추가해서 넣어 드세요 전 양념장 많이 안 넣는게 더 깔끔하고 맛있옸엉ㅅ","유통기한아주 넉넉해요,포장꼼꼼해요,맛 만족도맛있어요,",20240601
625,선택: 기본(머리고기+내장+순대),5,"국물이 진한편이고 고기 건더기가 많은편입니다. 동네 포장과 비교시(당연히 냉동이라 어쩔 수 없지만) 김치, 밥 구성품이 없는데 가격이 좀 있는 편이긴 합니다. 그래도 재구매 의향은 있을정도로 맛있습니다","유통기한꽤 남았어요,포장꼼꼼해요,맛 만족도맛있어요,",20240601
626,선택: 살코기+순대,5,유튜브 리뷰 채널로 알게 되어서 일단 1인분만 주문 했는데요 월급 들어오면 바로 더 시킬겁니다.. 와 진짜 이거 먹으러 시장 가고 싶어지는 맛..,"유통기한아주 넉넉해요,포장꼼꼼해요,맛 만족도맛있어요,",20240531
627,선택: 기본(머리고기+내장+순대),5,정말 맛있네요. 한그릇 깨끗하게 정말 잘 먹었습니다. 바로 재구매 합니다.,"유통기한아주 넉넉해요,포장꼼꼼해요,맛 만족도맛있어요,",20240531
628,선택: 기본(머리고기+내장+순대),4,아직 시식전이지만 포장 깔끔하게 배송됐습니다,"유통기한꽤 남았어요,포장적당해요,맛 만족도맛있어요,",20240531
629,선택: 기본(머리고기+내장+순대),5,좋아요 아주 좋아요^^,"유통기한아주 넉넉해요,포장꼼꼼해요,맛 만족도맛있어요,",20240531
630,선택: 살코기+순대,5,오~ 맛있다는 얘기가 그냥 나옵니다.,"유통기한꽤 남았어요,포장꼼꼼해요,맛 만족도맛있어요,",20240531
631,선택: 기본(머리고기+내장+순대),5,"재구매 했어요~ 동네의 30-40년 순대국맛집을 이겨버렸어요~ 배달이 늦어서 그렇지, 그럼에도 쟁여놓고 먹을 맛입니다~^^ 배달은 차차 개선되겠죠~*^^","유통기한아주 넉넉해요,포장꼼꼼해요,맛 만족도맛있어요,",20240531
632,선택: 기본(머리고기+내장+순대),5,너무 오래기다려서 맛이 너무 궁금하고 기대되요 맛있었으면 좋겠네요,"유통기한아주 넉넉해요,포장꼼꼼해요,맛 만족도맛있어요,",20240531
633,선택: 살코기+순대,5,너~~무 오래기다리라는 문자에 한번 취소를 하고 다시 주문해서 기다리고 기다려서 받았어요 아직 먹진 않았는데 먹어보고 다시 리뷰올릴께요,"유통기한아주 넉넉해요,포장꼼꼼해요,맛 만족도맛있어요,",20240531
634,선택: 기본(머리고기+내장+순대),5,진짜 매장에서 사먹는 전체 순대국 중에서도 순위권안에 들고 냉동으로 시키는 순대국중엔 압도적 1등입니다 국물깔끔해서 양념없이 끓여먹어도 맛있네요 감사합니다,"유통기한아주 넉넉해요,포장꼼꼼해요,맛 만족도맛있어요,",20240531
635,선택: 기본(머리고기+내장+순대),5,오래기다려서 받앗는데 너무맛잇엇아요! 조만간 재구매하려구요 식당가격이랑 비슷한데 김치가없는건 아쉬워요 ㅎㅎ,"유통기한꽤 남았어요,포장적당해요,맛 만족도맛있어요,",20240531
636,선택: 기본(머리고기+내장+순대),2,"맛있긴 한데... 배송을 거의 3주를 기다렸고 11,000원 어치 양은 아닌거같습니다","유통기한아주 넉넉해요,포장꼼꼼해요,맛 만족도맛있어요,",20240530
637,선택: 살코기+순대,5,두번째 시켜먹어요 대존맛...,"유통기한아주 넉넉해요,포장꼼꼼해요,맛 만족도맛있어요,",20240529
638,선택: 기본(머리고기+내장+순대),5,순댓국 좋아하신다면 일단 주문 넣으셔야 됩니다! 받는 데만 거의 한 달 기다려서 살짝 삐진 마음. 입에 넣으니 한 달이던 한 달 반이던 상관 없어지네요. 재주문 합니다!,"유통기한꽤 남았어요,포장꼼꼼해요,맛 만족도맛있어요,",20240529
639,선택: 기본(머리고기+내장+순대),4,아들이 먹고싶다고해서 사줬는데 배송이 넘 늦어서 취소하려다 말았네여.. 다시 사고싶어도 언제 올지 모릅니다.,"유통기한꽤 남았어요,포장적당해요,맛 만족도맛있어요,",20240529
640,선택: 기본(머리고기+내장+순대),5,시원하고 얼큰합니다 다른 제품도 주문할 예정입니다.,"유통기한아주 넉넉해요,포장꼼꼼해요,맛 만족도맛있어요,",20240529
641,선택: 기본(머리고기+내장+순대),5,맛있어요...2인가족인데 한끼 맛있게 잘 먹없어요...,"유통기한꽤 남았어요,포장꼼꼼해요,맛 만족도맛있어요,",20240529
642,선택: 살코기+순대,5,아들이 최고라하네요,"유통기한아주 넉넉해요,포장꼼꼼해요,맛 만족도맛있어요,",20240529
643,선택: 기본(머리고기+내장+순대),5,배송 발받았습니다~~~,"유통기한꽤 남았어요,포장적당해요,맛 만족도맛있어요,",20240528
644,선택: 기본(머리고기+내장+순대),5,꼼꼼하게 배송잘왔습니다,"유통기한아주 넉넉해요,포장꼼꼼해요,맛 만족도맛있어요,",20240528
645,선택: 기본(머리고기+내장+순대),5,배송이오래걸리긴했는데맛있어요,"유통기한아주 넉넉해요,포장꼼꼼해요,맛 만족도맛있어요,",20240528
646,선택: 기본(머리고기+내장+순대),5,순대가 실하고 맛있었어요!,"유통기한꽤 남았어요,포장꼼꼼해요,맛 만족도맛있어요,",20240528
647,선택: 기본(머리고기+내장+순대),5,칼칼하고 맛있습니다 다만 배송은 2주이상가다렸네요...,"유통기한꽤 남았어요,포장꼼꼼해요,맛 만족도맛있어요,",20240528
648,선택: 기본(머리고기+내장+순대),5,아주 맛있게 잘 먹었어요,"유통기한꽤 남았어요,포장적당해요,맛 만족도맛있어요,",20240528
649,초특가★: 1. 얼큰순대국 : 기본(머리고기+내장+순대),5,남편이랑 신나게 먹었어요,"유통기한꽤 남았어요,포장꼼꼼해요,맛 만족도맛있어요,",20240527
650,선택: 기본(머리고기+내장+순대),5,두번째 구매입니다.,"유통기한아주 넉넉해요,포장꼼꼼해요,맛 만족도맛있어요,",20240527
651,선택: 순대만,5,일반 순대국 식당에서 먹는 맛과 차이 없습니다. 마트에서 파는 냉동 순대국과는 확실히 차이납니다. ※ 애들이 먹기에는 상당히 매울수 있습니다.,"유통기한아주 넉넉해요,포장꼼꼼해요,맛 만족도맛있어요,",20240527
652,선택: 기본(머리고기+내장+순대),4,칼칼하니 맛나요 배송이 너무 늦어서 별4개 주었네요 성질급하신분은 비추,"유통기한꽤 남았어요,포장꼼꼼해요,맛 만족도맛있어요,",20240527
653,선택: 순대만,5,맛있어요 재구매할게요,"유통기한아주 넉넉해요,포장꼼꼼해요,맛 만족도맛있어요,",20240526
654,선택: 기본(머리고기+내장+순대),5,맛있어요 재구매할게요,"유통기한아주 넉넉해요,포장꼼꼼해요,맛 만족도맛있어요,",20240526
655,선택: 살코기+순대,5,맛있어요 재구매할게요,"유통기한아주 넉넉해요,포장꼼꼼해요,맛 만족도맛있어요,",20240526
656,선택: 기본(머리고기+내장+순대),5,먹어보고 맛있어서 재구매 했어요^^,"유통기한꽤 남았어요,포장꼼꼼해요,맛 만족도맛있어요,",20240526
657,선택: 기본(머리고기+내장+순대),5,아주 맘에들어요.아주 맘에들어요,"유통기한아주 넉넉해요,포장꼼꼼해요,맛 만족도맛있어요,",20240526
658,선택: 기본(머리고기+내장+순대),5,아주아주넉넉하고맛있습니다,"유통기한아주 넉넉해요,포장꼼꼼해요,맛 만족도맛있어요,",20240525
659,선택: 기본(머리고기+내장+순대),5,맛있는 순대국이라 잘먹었습니다,"유통기한아주 넉넉해요,포장꼼꼼해요,맛 만족도맛있어요,",20240525
660,선택: 기본(머리고기+내장+순대),5,양도 괜찮고 맛있었습니다!,"유통기한아주 넉넉해요,포장꼼꼼해요,맛 만족도맛있어요,",20240524
661,선택: 기본(머리고기+내장+순대),5,깔끔하고 매운맛이 일품입니다. 고기와 순대 양이 매우 많아서 여러번 나눠 먹었습니다. 다음에 다시 구매할 예정입니다.,"유통기한아주 넉넉해요,포장꼼꼼해요,맛 만족도맛있어요,",20240524
662,선택: 살코기+순대,5,정말 맛있어요 담백하니 참 좋네요.,"유통기한아주 넉넉해요,포장꼼꼼해요,맛 만족도맛있어요,",20240524
663,선택: 기본(머리고기+내장+순대),5,유투브 보고 주문했는데 맛있었어요. 친구 하나 줬는데 괜히 줬어요,"유통기한아주 넉넉해요,포장꼼꼼해요,맛 만족도맛있어요,",20240524
664,선택: 기본(머리고기+내장+순대),5,아들이 꼭 밀알 순대로 주문하라고 해서 했습니다 머릿고기도 아들이 먹고 싶다고 해서요^^ 밀키트인데도 맛있어요,"유통기한아주 넉넉해요,포장꼼꼼해요,맛 만족도맛있어요,",20240523
665,선택: 순대만,5,오래 기다리긴 했지만 보람이 있네요 중학생 아들이 먹방 유투버가 여기 순대국만 먹는다고 주문하자고 해서 먹어봤는데 맛나네요 순대도 알차게 들었고요 소스가 좀 맵긴 했는데 넘 맛나요,"유통기한아주 넉넉해요,포장꼼꼼해요,맛 만족도맛있어요,",20240523
666,선택: 기본(머리고기+내장+순대),5,아들이 넘 좋아해서재구매했어요,"유통기한아주 넉넉해요,포장꼼꼼해요,맛 만족도맛있어요,",20240523
667,선택: 기본(머리고기+내장+순대),5,솔직히 가격대비 양이 많을까 냉동으로 오는 제품이라 냄새가 나지않을까 걱정했어요 받아서 먹어보니 냄새도 없고 육수도 진하고 깔끔하며 고기양도 푸짐해서 한봉으로 어른둘이서 먹었어요 (저희는 양이 그렇게 많은편은 아님) 새우젓 들깨가루 다대기까지 있어 먹기 편했고 다대기에 청양고추까지 들어있어 매콤하니 좋았어요 순대국밥치고 가격이 싼편은 아니지만 먹으면서 깔끔하다 맛괜찮다는 생각을 많이 했어요 다음에 또 시켜서 먹을꺼같아요,"유통기한아주 넉넉해요,포장꼼꼼해요,맛 만족도맛있어요,",20240523
668,선택: 기본(머리고기+내장+순대),5,흑백리뷰보고 시켰슴다 맛있어요 ㅎㅎ,"유통기한아주 넉넉해요,포장꼼꼼해요,맛 만족도맛있어요,",20240523
669,선택: 기본(머리고기+내장+순대),5,"흑백리뷰 보고 구매했습니다. 섬세한 조리법 (끓이는 순서와 이유가 있음), 많은 건더기, 진한 육수 등 진심이 느껴집니다. 꼭 성공하세요.","유통기한아주 넉넉해요,포장꼼꼼해요,맛 만족도맛있어요,",20240522
670,선택: 기본(머리고기+내장+순대),5,부드러운 살코기 위주로 되어있고 고기가 정말 많아요. 만족스럽게 먹을수 있고 국물에 간이 충분하니 추가로 새우젓 넣지 마세요. 다데기는 전부 다 넣어도 괜찮은 맵기에요.,"유통기한꽤 남았어요,포장꼼꼼해요,맛 만족도맛있어요,",20240522
671,선택: 살코기+순대,5,맛있게 잘 먹었습니다.,"유통기한아주 넉넉해요,포장꼼꼼해요,맛 만족도맛있어요,",20240522
672,선택: 기본(머리고기+내장+순대),5,"타 리뷰에서 본 것만큼 한 봉지당 양은 2번 나눠먹을 정도로 많지는 않았지만, 정말 맛있었습니다 !! 2봉지만 맛보기로 사본 상태였는데, 대량재구매할 예정입니다:)","유통기한아주 넉넉해요,포장꼼꼼해요,맛 만족도맛있어요,",20240521
673,선택: 기본(머리고기+내장+순대),5,배송은 오래걸렸지만 포장도 꼼꼼하고 맛있습니다,"유통기한아주 넉넉해요,포장꼼꼼해요,맛 만족도맛있어요,",20240521
674,선택: 살코기+순대,5,맛있어요. 동네 맛있는 순대국밥집에서 직접 가서 먹는 수준입니다. 같이 들어있는 다데기도 맛있구요. 다만 가격은 좀.... 그래도 다시 사먹을생각입니다.,"유통기한아주 넉넉해요,포장꼼꼼해요,맛 만족도맛있어요,",20240521
675,선택: 기본(머리고기+내장+순대),5,택배로받은 순대국중에 최고네요 직접가서 먹은곳보다도 더 맛있어요,"유통기한아주 넉넉해요,포장꼼꼼해요,맛 만족도맛있어요,",20240521
676,선택: 살코기+순대,5,배송이 너무 느려요 맛은 있네요 내용물이 맛있어요,"유통기한아주 넉넉해요,포장꼼꼼해요,맛 만족도맛있어요,",20240521
677,선택: 살코기+순대,5,고기 잡내 없고 정말 맛있네요,"유통기한아주 넉넉해요,포장꼼꼼해요,맛 만족도맛있어요,",20240521
678,선택: 살코기+순대,5,너무너무 맛있어서 재구매합니다!,"유통기한아주 넉넉해요,포장꼼꼼해요,맛 만족도맛있어요,",20240521
679,선택: 기본(머리고기+내장+순대),5,너무너무 맛있어서 재구매합니다!,"유통기한아주 넉넉해요,포장꼼꼼해요,맛 만족도맛있어요,",20240521
680,선택: 기본(머리고기+내장+순대),5,맛있네요 잘먹겠습니다,"맛 만족도평범해요,유통기한아주 넉넉해요,포장꼼꼼해요,",20240520
681,선택: 기본(머리고기+내장+순대),4,배송은 예상대로 엄청느렸어요. 맛은 soso. 재구매는 글쎄..,"맛 만족도평범해요,유통기한임박상품이에요,포장적당해요,",20240520
682,선택: 살코기+순대,5,"흑백리뷰 보고 구매했은데 웬만한 평범한 순대국 식당보다 맛있는 것 같아요!! 포장으로 오다보니 다데기 없이 먹기에는 아쉬울 수 있는데ㅡ다데기가 맛이 더라구요,, 저 식당가도 다데기는 절때 안넣어먹고 백색국물로 그대로 먹는데 여기 다데기는 진짜 고추맛이 진하게 느껴져서 맛있더라구요 내장 고기도 맛있었어요!!! 다데기 국물 생각 나서 또 구매할 것 같습니다 ㅠ 앞으로도 변치 않는 제품 판매 기대하겠습니다🫶🏻","유통기한아주 넉넉해요,포장꼼꼼해요,맛 만족도맛있어요,",20240520
683,선택: 기본(머리고기+내장+순대),4,유튜브에서 보고 주문한건데 음... 맛은 있습니다. 맛은 있는데 이 가격을 내고 순대국 냉동을 굳이...? 리뷰에서는 엄청 맵다고 하고 이 가격이면 가성비가 좋다는 식으로 하는데 전혀아닙니다. 그냥 집앞 순대국밥이 훨씬 싸고 훨씬 맛있어요. 아쉽네요,"유통기한아주 넉넉해요,포장꼼꼼해요,맛 만족도맛있어요,",20240520
684,선택: 기본(머리고기+내장+순대),5,처음에는 가격이 11000원이길래 너무 비싸다 생각해서 구매를 망설였는데 시키고 맛을 보고나서는 그런 후회 1도 안합니다 특히 가격에 걸맞는 양과 구성으로 양이 많이 먹는 사람이라도 뚝배기에 2번 끓여먹을 양이라 넉넉해서 좋고 국물만 많은게 아니라 고기도 넉넉해서 푸짐하게 집에서 순댓국 먹고 싶은 사람은 꼭 시켜먹을거 같아요 거기다 집 근처에 가서 먹는다 해도 이 정도로 맛이 좋은 순댓국도 없고요 ㅎㅎ 다 먹고 다음에 다시 시켜먹어야겠습니다 감사합니다.!!!,"유통기한아주 넉넉해요,포장꼼꼼해요,맛 만족도맛있어요,",20240520
685,선택: 살코기+순대,5,맛있어요. 배송이 너무 오래걸리기는 했지만 맛은 좋아서...5점 그대로 줬네요. 근데 한달을 기다려서 먹을정도는.. 집근처에도 이정도 맛정도 내는 국밥집은 몇군데 있지 싶네요!!,"유통기한꽤 남았어요,포장꼼꼼해요,맛 만족도맛있어요,",20240519
686,선택: 기본(머리고기+내장+순대),4,넘 오래 기다렸어요 그정도 맛은~~모르겠네요^^,"유통기한아주 넉넉해요,포장꼼꼼해요,맛 만족도맛있어요,",20240519
687,선택: 살코기+순대,4,배송은 늦어졌지만 포장이 잘되어 있어 먹기 편해요,"맛 만족도평범해요,유통기한꽤 남았어요,포장적당해요,",20240519
688,선택: 기본(머리고기+내장+순대),5,맛있게 잘 먹었습니다,"유통기한꽤 남았어요,포장꼼꼼해요,맛 만족도맛있어요,",20240519
689,선택: 기본(머리고기+내장+순대),5,너무너무 맛있었습니다! 배송은 늦어졌지만 퀄리티 때문이라고 생각이 들었어요 ㅎㅎ 번창하세요,"유통기한아주 넉넉해요,포장꼼꼼해요,맛 만족도맛있어요,",20240519
690,선택: 살코기+순대,5,와이프가맛있대요 2인분 시켜서 3번 나눠먹을만큼 많아요,"유통기한아주 넉넉해요,포장꼼꼼해요,맛 만족도맛있어요,",20240518
691,선택: 기본(머리고기+내장+순대),5,조금 오래걸렸는데 기다린만큼 맛있게 잘먹었습니다,"유통기한아주 넉넉해요,포장꼼꼼해요,맛 만족도맛있어요,",20240518
692,선택: 기본(머리고기+내장+순대),5,좋은상품 빠른배송감사합니다,"유통기한아주 넉넉해요,포장꼼꼼해요,맛 만족도맛있어요,",20240518
693,선택: 기본(머리고기+내장+순대),5,와 진짜 맛있어요!!!,"유통기한꽤 남았어요,포장적당해요,맛 만족도맛있어요,",20240518
694,선택: 기본(머리고기+내장+순대),5,고기도 많고 적당히 매워서 맛있게 잘 먹었습니다ㅎㅎ배송만 빠르면 자주 사먹을 것 같아요ㅋㅋㅋ,"유통기한꽤 남았어요,포장적당해요,맛 만족도맛있어요,",20240517
695,선택: 기본(머리고기+내장+순대),5,"처음에 살 때 가격이 좀 부담스러울 수도 있는데, 먹고 나면 가격 생각 안 납니다. 다른 곳 가서 이 맛을 좀 느껴보고 싶어도 잘 느껴지지 않습니다. 정말 진한~~ 양도 푸짐한 그런 순대국밥입니다. 정말 맛있어요. 머리 털 나고 먹어본 순대국밥 중에 손에 꼽을 정도입니다.","유통기한꽤 남았어요,포장꼼꼼해요,맛 만족도맛있어요,",20240517
696,선택: 살코기+순대,5,다음에는 직접 가서 먹어보려구요! 맛있게 잘 먹었습니다~,"유통기한아주 넉넉해요,포장꼼꼼해요,맛 만족도맛있어요,",20240517
697,선택: 기본(머리고기+내장+순대),5,매운맛 조절도 되고 좋아요~ 다음엔 직접 가서 먹어보려구요~!,"유통기한아주 넉넉해요,포장꼼꼼해요,맛 만족도맛있어요,",20240517
698,선택: 기본(머리고기+내장+순대),5,얼큰하면서 개존맛인게 진짜 최고였습니다 다시 시켜먹을 의사가 충분히 생기는 맛입니다 유통기한이 짧은게 아쉽긴하지만 그래도 충분히 감안할수 있는맛이었어요,"유통기한꽤 남았어요,포장적당해요,맛 만족도맛있어요,",20240517
699,선택: 기본(머리고기+내장+순대),4,유튜브 보고 알게돼서 구매했는데 만족스럽습니다,"유통기한꽤 남았어요,포장적당해요,맛 만족도맛있어요,",20240517
700,선택: 기본(머리고기+내장+순대),5,와 이거 진짜 맛있습니다... 신라면보다 살짝 더 매워요. 청양고추가 아니면 적당히 매운데 고추가 매우니 잘 조절해서 넣으시면 될듯... 고기 쫀득쫀득하고 잡내 안나고 정말 맛있습니다,"유통기한아주 넉넉해요,포장꼼꼼해요,맛 만족도맛있어요,",20240517
701,선택: 기본(머리고기+내장+순대),3,동네 순대국밥집과 다를 거 없는 맛,"맛 만족도평범해요,유통기한꽤 남았어요,포장적당해요,",20240517
702,선택: 기본(머리고기+내장+순대),5,고기가 잡네가 없고 찍어먹는 장도 좋음 근데 양이 좀 작은거 같은거 말곤 괜찮음,"유통기한아주 넉넉해요,포장꼼꼼해요,맛 만족도맛있어요,",20240517
703,선택: 기본(머리고기+내장+순대),5,정말맛있어요 행사할때또 쟁여야겠어요,"유통기한꽤 남았어요,포장꼼꼼해요,맛 만족도맛있어요,",20240517
704,선택: 살코기+순대,5,너무 맛있어서 다시 주문 합니다,"유통기한꽤 남았어요,포장꼼꼼해요,맛 만족도맛있어요,",20240516
705,선택: 기본(머리고기+내장+순대),5,너무 맛있네요. 음식류들 광고보다 실망하는 경우 허다한데 여긴 맛있네요. 만족하고 먹었습니다. 추가주문 갑니다.,"유통기한꽤 남았어요,포장꼼꼼해요,맛 만족도맛있어요,",20240516
706,선택: 기본(머리고기+내장+순대),5,ㅋㅋㅋ..식당보다 훨씬 맛있어요,"유통기한아주 넉넉해요,포장꼼꼼해요,맛 만족도맛있어요,",20240516
707,선택: 기본(머리고기+내장+순대),5,혼자 먹으려고 포장 하나 뜯어서 조리했는데 양이 너무 많아서 2번 나누어 먹었습니다. 매운양념이나 새우젓 등 양 조절해서 넣으면 간도 좋고 만족스럽습니다.,"유통기한아주 넉넉해요,포장꼼꼼해요,맛 만족도맛있어요,",20240516
708,선택: 기본(머리고기+내장+순대),5,맛있게 먹었습니다. 가족들 다 좋아합니다,"유통기한아주 넉넉해요,포장꼼꼼해요,맛 만족도맛있어요,",20240516
709,선택: 기본(머리고기+내장+순대),5,맛있게 잘먹었어요!,"유통기한아주 넉넉해요,포장꼼꼼해요,맛 만족도맛있어요,",20240516
710,선택: 기본(머리고기+내장+순대),5,맛있더라구요 굿귯귯,"유통기한아주 넉넉해요,포장꼼꼼해요,맛 만족도맛있어요,",20240515
711,선택: 기본(머리고기+내장+순대),5,배송은 많이 늦었지만 기다릴만한 맛이였어요. 감기몸살 걸렸을 때 먹었는데 얼큰하니 속도 풀리고 너무 좋더라구요 ㅎㅎ 맛있어서 부모님 댁에도 하나 시켜드렸어요. 번창하세요~~~ (새우젓 안넣어도 간 딱 맞고 맛있어요),"유통기한아주 넉넉해요,포장꼼꼼해요,맛 만족도맛있어요,",20240515
712,선택: 기본(머리고기+내장+순대),5,맛있게잘먹었습니다.!!,"유통기한아주 넉넉해요,포장꼼꼼해요,맛 만족도맛있어요,",20240514
713,선택: 살코기+순대,5,"그냥 맛있습니다... 꼭 사서 드셔보세요!!! 엔간한 돼지 국밥집 뺨을 치구요 잡내 하나도 없습니다 계속 팔아주세요,,ㅎㅎ","유통기한아주 넉넉해요,포장꼼꼼해요,맛 만족도맛있어요,",20240514
714,선택: 기본(머리고기+내장+순대),5,상당히 맛있습니다. 조만간 재구매 하려고 합니다. 배송은 주문이 많이 밀려서 2주정도 걸려서 받은것 같습니다. 그래도 맛있으니 상관 없습니다.,"유통기한아주 넉넉해요,포장꼼꼼해요,맛 만족도맛있어요,",20240513
715,선택: 살코기+순대,5,상당히 맛있습니다. 조만간 재구매 하려고 합니다. 배송은 주문이 많이 밀려서 2주정도 걸려서 받은것 같습니다. 그래도 맛있으니 상관 없습니다.,"유통기한아주 넉넉해요,포장꼼꼼해요,맛 만족도맛있어요,",20240513
716,선택: 기본(머리고기+내장+순대),5,리뷰 유튜브 보고 구매 하게 되었는데 제 입맛에도 딱 맞네요 냉동치고 비싸다는 느낌 있었는데 전문점에서 바로 먹는것 보다 맛있네요 냄새도 안나고 국물도 구수 하고 좋아요! 배송이 밀려 오래 걸렸지만 만족 합니다!,"유통기한꽤 남았어요,포장꼼꼼해요,맛 만족도맛있어요,",20240513
717,선택: 살코기+순대,5,얼큰~~하고 돼지고기 잡내 하나 없이 너무 깔끔하고 맛있어요 밀키트 + 동네 순대국 맛집 중에 손 꼽는 맛이에요,"유통기한아주 넉넉해요,포장꼼꼼해요,맛 만족도맛있어요,",20240513
718,선택: 기본(머리고기+내장+순대),5,"조금 매운편, 매우 맛있습니다.","유통기한아주 넉넉해요,포장꼼꼼해요,맛 만족도맛있어요,",20240513
719,선택: 기본(머리고기+내장+순대),5,처음 배송건에 포장이 찢어져있어서 먹기 불편했으나 맛은 좋았습니다! 포장 불량건을 해결해주는 직원도 친절하였고 다시 보내주실때도 빠르게 받았습니다,"유통기한꽤 남았어요,포장꼼꼼해요,맛 만족도맛있어요,",20240512
720,선택: 기본(머리고기+내장+순대),5,받는대는 오래걸렸지만 맛은 있네요,"유통기한아주 넉넉해요,포장꼼꼼해요,맛 만족도맛있어요,",20240512
721,선택: 기본(머리고기+내장+순대),5,흑백리뷰 보고 시켰는데 역시 맛있네요 ㅋㅋ,"유통기한아주 넉넉해요,포장꼼꼼해요,맛 만족도맛있어요,",20240512
722,선택: 기본(머리고기+내장+순대),5,맛도좋고 맛있네요 !!,"유통기한아주 넉넉해요,포장꼼꼼해요,맛 만족도맛있어요,",20240512
723,선택: 기본(머리고기+내장+순대),5,배송이 좀 늦었지만 양도 푸짐하고 맛도 좋았어요~,"유통기한아주 넉넉해요,포장꼼꼼해요,맛 만족도맛있어요,",20240512
724,선택: 기본(머리고기+내장+순대),5,진심 맛있고 냄새고 안나고 푸짐하고 최고임 해장하려 끓였는데 또 소주 깜.....또 시켜 먹을거임 번창하세요 사장님,"유통기한아주 넉넉해요,포장꼼꼼해요,맛 만족도맛있어요,",20240512
725,선택: 살코기+순대,5,새우젓은 넣을 필요까진 없을꺼같고 국물은 간이 이미 되어있어서 그냥 끓여서 먹으면 되고요 고추양념장은 다 넣으면 신라면 보다 더 매워요 절반만 넣어도 신라면보다 조금 더 매운 정도니까 반에 반만 넣어도 됩니다 맛있어요 돼지 잡내 없고 고기 양도 쏘쏘하고,"유통기한꽤 남았어요,포장꼼꼼해요,맛 만족도맛있어요,",20240512
726,선택: 기본(머리고기+내장+순대),5,얼큰하고 맛있어요!,"유통기한꽤 남았어요,포장꼼꼼해요,맛 만족도맛있어요,",20240511
727,선택: 기본(머리고기+내장+순대),5,정말 맛있어요 또 시킬것같아요,"유통기한아주 넉넉해요,포장꼼꼼해요,맛 만족도맛있어요,",20240511
728,선택: 기본(머리고기+내장+순대),4,맛있어요. 오래 기다려 받았습니다. 냉동으로 오는 줄 알았는데 거의다 녹아왔네요.,"유통기한꽤 남았어요,포장적당해요,맛 만족도맛있어요,",20240511
729,선택: 살코기+순대,3,순대국은 진짜 맛있습니다 잡내도 하나도 없구요 그런데 사골이 한봉 터져서 왔어요ㅠㅠ 아들이 한참을 기다린 순대국인데 너무 속상했습니다ㅠㅠ,"유통기한아주 넉넉해요,포장별로예요,맛 만족도맛있어요,",20240511
730,선택: 기본(머리고기+내장+순대),5,양은 넉넉하고 왠만한 국밥집에서 먹는 것 보다 맛있어요.,"유통기한꽤 남았어요,포장적당해요,맛 만족도맛있어요,",20240510
731,선택: 기본(머리고기+내장+순대),5,양도 많고 너무 맛있습니다! 포장 이슈가 조금 있었는데 너무 친절하게 대응해주시고 바로 조치해주셔서 너무 고마웠습니다! 감사합니다,"유통기한꽤 남았어요,포장꼼꼼해요,맛 만족도맛있어요,",20240510
732,선택: 기본(머리고기+내장+순대),5,맛있게 잘먹었습니다,"유통기한꽤 남았어요,포장꼼꼼해요,맛 만족도맛있어요,",20240510
733,선택: 기본(머리고기+내장+순대),5,배송이 개개개 느림 ㅋㅋ 문자로 톡으로 몇번을 미루는지.. 빡쳐서 취소하려다가 방치중에 받았는데 먹었는데 맛은 갠춘하네요 ㅋㅋ 육수는 살짝 얼어있고.. 내용물도 적은편은 아님 맛이 어쩔지 몰라서 하나만 시켰는데.. 다시 시킨다면 여러개 살듯.. 또 언제 도착할지 모르니 -_- 맛은 있어서 화가 촘 가라앉음..,"유통기한꽤 남았어요,포장꼼꼼해요,맛 만족도맛있어요,",20240510
734,선택: 기본(머리고기+내장+순대),5,굿입니다 다대기 없이 먹어도 깔끔한게 좋은데 다대기 넣으면 매콤하고 당기는 맛이 상당히 좋네요ㅎ 몇 군데 순대국 주문해서 먹어봤는데 여기가 지금까지 중에 제일 맛있네요 시중 순대국집 보다도 맛이 괜찮은 거 같습니다 다음에 또 주문할게요 추천드려요!,"유통기한아주 넉넉해요,포장꼼꼼해요,맛 만족도맛있어요,",20240510
735,초특가★: 1. 얼큰순대국 : 기본(머리고기+내장+순대),5,맛있었어요 좋아요. 굳,"유통기한아주 넉넉해요,포장꼼꼼해요,맛 만족도맛있어요,",20240510
736,선택: 기본(머리고기+내장+순대),5,준비기간 때문에 배송을 많이 기다려야 된다는 점과 생각보다 양이 적은 것 외에는 다 좋네요,"유통기한아주 넉넉해요,포장꼼꼼해요,맛 만족도맛있어요,",20240509
737,선택: 기본(머리고기+내장+순대),5,오래 기다려서 받았어요. 엄청 맛있어야할 것 같아요.,"유통기한아주 넉넉해요,포장꼼꼼해요,맛 만족도맛있어요,",20240509
738,선택: 기본(머리고기+내장+순대),4,고기가 압축되어 와서 먹기전이라 양이 넉넉한지 잘 모르겠음,"맛 만족도평범해요,유통기한꽤 남았어요,포장꼼꼼해요,",20240509
739,선택: 살코기+순대,4,주문이 폭주했는지 배송기간은 아주아주 길었음 맛은 아직 먹기전이라 모르겠음,"유통기한꽤 남았어요,포장꼼꼼해요,맛 만족도맛있어요,",20240509
740,선택: 기본(머리고기+내장+순대),5,맛있게 잘먹었습니다!,"유통기한꽤 남았어요,포장꼼꼼해요,맛 만족도맛있어요,",20240509
741,선택: 기본(머리고기+내장+순대),5,배송도빠르고 맛도좋아요~~!!,"유통기한아주 넉넉해요,포장꼼꼼해요,맛 만족도맛있어요,",20240509
742,선택: 기본(머리고기+내장+순대),5,진짜 식당에서 먹는 것보다 맛있어요 ㅋㅋㅋ,"유통기한아주 넉넉해요,포장꼼꼼해요,맛 만족도맛있어요,",20240508
743,선택: 기본(머리고기+내장+순대),5,설명서도 잘되어 있고 맛있었습니다,"유통기한아주 넉넉해요,포장꼼꼼해요,맛 만족도맛있어요,",20240508
744,선택: 기본(머리고기+내장+순대),4,밀키트제품치고 퀄리티 높구요. 맛있습니다. 새우젓은 다 넣으면 짠데 밥말면 딱 좋기도 합니다. 포장이 따로 따로 되어 있지만 그냥 다 뜯어서 때려박으면 되는거라 조리과정도 간편한 편입니다.,"유통기한아주 넉넉해요,포장꼼꼼해요,맛 만족도맛있어요,",20240508
745,선택: 기본(머리고기+내장+순대),5,자극적이지 않고 맛있어요,"유통기한꽤 남았어요,포장꼼꼼해요,맛 만족도맛있어요,",20240507
746,선택: 기본(머리고기+내장+순대),5,"남은 반절은 냉장고에 넣은 건데도 고기 양이 엄청 많고, 맛있어요!","유통기한꽤 남았어요,포장꼼꼼해요,맛 만족도맛있어요,",20240507
747,선택: 순대만,5,그냥 무난하고 파는거랑 비슷한맛입니다,"유통기한아주 넉넉해요,포장꼼꼼해요,맛 만족도맛있어요,",20240507
748,선택: 기본(머리고기+내장+순대),5,국물이 제대로 진해서 맛있었습니다.,"유통기한아주 넉넉해요,포장꼼꼼해요,맛 만족도맛있어요,",20240507
749,선택: 기본(머리고기+내장+순대),5,늦게 받아서 화가 났는데도 불구하고 제품 상태가 매우매우 좋네요 다음에도 또 시키려구요,"유통기한아주 넉넉해요,포장꼼꼼해요,맛 만족도맛있어요,",20240507
750,선택: 기본(머리고기+내장+순대),5,택배로 받는 순대국을 큰 기대하지 않고 받아서 하나 끓어 먹어 봤더니 집근처 순대국집보다 훨씬 맛있었습니다,"유통기한꽤 남았어요,포장꼼꼼해요,맛 만족도맛있어요,",20240507
751,선택: 기본(머리고기+내장+순대),5,맛나요 ㅎㅎㅎ 흑백리뷰 믿어도 될 듯,"유통기한아주 넉넉해요,포장꼼꼼해요,맛 만족도맛있어요,",20240507
752,선택: 기본(머리고기+내장+순대),3,맛두 좋고 꼼꼼해서 좋은데 배송이 너무 늦어 별3개ㅈ드립니다 배송이 늦어두 너무 늦더라구요 거이 3주만에 받았네요,"유통기한아주 넉넉해요,포장꼼꼼해요,맛 만족도맛있어요,",20240507
753,선택: 기본(머리고기+내장+순대),5,기다린 보람이 있네요. 잘먹었습니다.,"유통기한꽤 남았어요,포장꼼꼼해요,맛 만족도맛있어요,",20240506
754,선택: 기본(머리고기+내장+순대),5,비오는날 캠핑가서 먹었는데 진짜 맛있습니다. 양도 넉넉하구요. 바로 또 주문했네요!!,"유통기한아주 넉넉해요,포장꼼꼼해요,맛 만족도맛있어요,",20240506
755,선택: 기본(머리고기+내장+순대),3,노멀해요 양념 다 넣으면 좀 매워요,"맛 만족도평범해요,유통기한꽤 남았어요,포장적당해요,",20240506
756,선택: 기본(머리고기+내장+순대),5,맛있어요! 가격이 조금 있는 편이지만 다음에 또 사먹을게요,"유통기한꽤 남았어요,포장적당해요,맛 만족도맛있어요,",20240506
757,선택: 기본(머리고기+내장+순대),5,아주 맛있어요 또 구매할게요,"유통기한아주 넉넉해요,포장꼼꼼해요,맛 만족도맛있어요,",20240506
758,선택: 기본(머리고기+내장+순대),5,집앞 걸어서 5분거리 안에 순대국 맛집이 있다면 그걸 냅두고 집에서 해먹을 번거로움을 거칠 정도의 맛은 아니지만 그게 아닐경우엔 좋은 선택지,"유통기한아주 넉넉해요,포장꼼꼼해요,맛 만족도맛있어요,",20240505
759,선택: 기본(머리고기+내장+순대),5,기다렸다가 받았는데 정말 맛나게먹었습니다~번창하세요!!,"유통기한아주 넉넉해요,포장꼼꼼해요,맛 만족도맛있어요,",20240505
760,선택: 살코기+순대,5,냉동실에 가득 채워 놓자네요,"유통기한아주 넉넉해요,포장적당해요,맛 만족도맛있어요,",20240505
761,선택: 기본(머리고기+내장+순대),5,중간에 이슈가 있긴 했지만 잘 처리해주셨어요 짝꿍이 냉동실에 가득 채워 놓자고 하네요,"유통기한아주 넉넉해요,포장적당해요,맛 만족도맛있어요,",20240505
762,선택: 기본(머리고기+내장+순대),5,아들이 잘먹어요. 맛있게 잘 먹었습니다,"유통기한아주 넉넉해요,포장꼼꼼해요,맛 만족도맛있어요,",20240505
763,선택: 기본(머리고기+내장+순대),5,배송은 늦었지만멋움 굿굿~~,"유통기한아주 넉넉해요,포장꼼꼼해요,맛 만족도맛있어요,",20240505
764,선택: 기본(머리고기+내장+순대),5,유툽보고 추천해서 먹어봤습니다. 개인적으론 양념을 모두사용하면 너무 자극적이라 두번째는 양념없이 먹었습니다.,"맛 만족도평범해요,유통기한꽤 남았어요,포장꼼꼼해요,",20240504
765,선택: 기본(머리고기+내장+순대),5,제품 포장부터 신경쓴게 보이고 맛도 좋습니다.,"유통기한아주 넉넉해요,포장꼼꼼해요,맛 만족도맛있어요,",20240504
766,선택: 기본(머리고기+내장+순대),5,건더기 많고 맛있습니다. 처음은 모르는데 먹을수록 약간 매운? 하지만 제가 너무 맵찔이라서 그럴수도 있어요. 다른분들은 정말 맛있게 먹을수 있어요,"유통기한아주 넉넉해요,포장꼼꼼해요,맛 만족도맛있어요,",20240504
767,선택: 순대만,5,한번씩 유튜버가 극찬하길래 사봤어요^^ 한달넘게 기다린 만큼 기대가 큽니다.,"유통기한아주 넉넉해요,포장꼼꼼해요,맛 만족도맛있어요,",20240504
768,선택: 기본(머리고기+내장+순대),5,오래 기다려서 받았는데... 맛이 어떨지 기대됩니다.,"유통기한아주 넉넉해요,포장꼼꼼해요,맛 만족도맛있어요,",20240503
769,선택: 기본(머리고기+내장+순대),5,2명이서 먹어도 충분하네요 맛나요,"유통기한아주 넉넉해요,포장꼼꼼해요,맛 만족도맛있어요,",20240503
770,선택: 기본(머리고기+내장+순대),5,국물 시원하고 양념장은 살아있고 건더기도 푸짐해요,"유통기한꽤 남았어요,포장꼼꼼해요,맛 만족도맛있어요,",20240503
771,선택: 기본(머리고기+내장+순대),5,진짜 맛있긴 맛있었음 얼큰하고 든든한 순대국밥. 단점은 국밥에 1.1+배송비를 태웠다는점,"유통기한아주 넉넉해요,포장꼼꼼해요,맛 만족도맛있어요,",20240503
772,선택: 기본(머리고기+내장+순대),5,맛이가 좋아서 또 먹고싶네,"유통기한아주 넉넉해요,포장꼼꼼해요,맛 만족도맛있어요,",20240503
773,선택: 기본(머리고기+내장+순대),5,인터넷에서 시켜보는 거라 기대는 많이 안 했었는데 양도 많고 아주 맛있습니다,"유통기한아주 넉넉해요,포장꼼꼼해요,맛 만족도맛있어요,",20240503
774,선택: 살코기+순대,5,냄새없고 맛있네요~~~~~~,"유통기한아주 넉넉해요,포장꼼꼼해요,맛 만족도맛있어요,",20240502
775,선택: 살코기+순대,5,양도 굉장히 많고 너뮤 맛있게 먹었어요,"유통기한아주 넉넉해요,포장적당해요,맛 만족도맛있어요,",20240502
776,선택: 살코기+순대,5,아직 안먹어봤지만 후기가 좋아서 기대되네요,"유통기한아주 넉넉해요,포장꼼꼼해요,맛 만족도맛있어요,",20240502
777,선택: 기본(머리고기+내장+순대),5,맛있습니다 극찬할만했네요,"유통기한아주 넉넉해요,포장꼼꼼해요,맛 만족도맛있어요,",20240502
778,선택: 기본(머리고기+내장+순대),5,엄청 기다렸어요 맛있어 보여요ㅎㅎ,"유통기한꽤 남았어요,포장꼼꼼해요,맛 만족도맛있어요,",20240502
779,선택: 순대만,5,기다린 보람있게 넘 맛있어요~,"유통기한꽤 남았어요,포장꼼꼼해요,맛 만족도맛있어요,",20240502
780,선택: 살코기+순대,5,기다린 보람있게 넘 맛있어요~,"유통기한꽤 남았어요,포장꼼꼼해요,맛 만족도맛있어요,",20240502
781,선택: 기본(머리고기+내장+순대),5,기다린 보람있게 넘 맛있어요~,"유통기한꽤 남았어요,포장꼼꼼해요,맛 만족도맛있어요,",20240502
782,선택: 기본(머리고기+내장+순대),5,오래 기다리다 받았네요! 포장 잘되서 왔네요,"유통기한꽤 남았어요,포장꼼꼼해요,맛 만족도맛있어요,",20240502
783,선택: 살코기+순대,5,잘 받았고 맛있게 먹었습니다.,"유통기한아주 넉넉해요,포장꼼꼼해요,맛 만족도맛있어요,",20240502
784,선택: 기본(머리고기+내장+순대),5,잘 받았고 잘 먹었습니다.,"유통기한아주 넉넉해요,포장꼼꼼해요,맛 만족도맛있어요,",20240502
785,선택: 살코기+순대,5,가격은 좀 나가지만 한팩에 1.5인분 정도로 양도 많고 맛있어요,"유통기한아주 넉넉해요,포장꼼꼼해요,맛 만족도맛있어요,",20240502
786,선택: 순대만,5,살코기 양도 넉넉하고 국물 깔끔하니 맛있게 잘 먹었습니다. 순대도 무난해요. 배송은 2주 걸렸습니다. 주문량 많으면 사먹기 힘들겠어요 ㅠㅠ,"유통기한아주 넉넉해요,포장꼼꼼해요,맛 만족도맛있어요,",20240501
787,선택: 기본(머리고기+내장+순대),5,맛있어요 맛나요 또 먹고 싶네요,"유통기한꽤 남았어요,포장적당해요,맛 만족도맛있어요,",20240430
788,선택: 기본(머리고기+내장+순대),5,기대이상의 맛이예요 주변친구한테 자신있게 추천했어요,"유통기한아주 넉넉해요,포장꼼꼼해요,맛 만족도맛있어요,",20240430
789,선택: 기본(머리고기+내장+순대),5,감사합니다 잘 먹 고 있습니다 맛 있습니다,"유통기한꽤 남았어요,포장적당해요,맛 만족도맛있어요,",20240430
790,선택: 기본(머리고기+내장+순대),5,고기 잡내도 안나고 맛있네요~! 추천합니다!,"유통기한아주 넉넉해요,포장꼼꼼해요,맛 만족도맛있어요,",20240430
791,선택: 기본(머리고기+내장+순대),5,흑백리뷰보고 주문했는데 아주 맛있습니다.,"유통기한꽤 남았어요,포장꼼꼼해요,맛 만족도맛있어요,",20240430
792,선택: 기본(머리고기+내장+순대),5,얼큰으로 시켰는데 매운거 못드시는분은 힘드실거 같아요. 저희는 아주 좋아해서 술국처럼 술안주로 맛있게 먹었습니다.,"유통기한아주 넉넉해요,포장꼼꼼해요,맛 만족도맛있어요,",20240430
793,선택: 기본(머리고기+내장+순대),5,진심 동네이상한 전문점저리가라 할정도입니다 강추,"유통기한아주 넉넉해요,포장꼼꼼해요,맛 만족도맛있어요,",20240429
794,선택: 살코기+순대,5,매콤하고 맛있네요 ㅎㅎ,"유통기한아주 넉넉해요,포장꼼꼼해요,맛 만족도맛있어요,",20240429
795,선택: 기본(머리고기+내장+순대),5,너무 맛있어요! 또 시켜먹을게요!,"유통기한아주 넉넉해요,포장꼼꼼해요,맛 만족도맛있어요,",20240429
796,선택: 기본(머리고기+내장+순대),5,"국물 정말 맘에 듭미더ㅎㅎ 고기, 내장도 잡내 없이 정말 맛납미더ㅎㅎ 떨어질 때 마다 쟁여놓을 에정입미더ㅎㅎ","유통기한아주 넉넉해요,포장꼼꼼해요,맛 만족도맛있어요,",20240429
797,선택: 기본(머리고기+내장+순대),5,정말 오래 기다려서 받았는데 기다린만큼 맛있네요. 뚝배기에 끓여 먹으니 식당에서 머는 기분도 나고 좋았어요. 양도 많아서 두번 먹었네요,"유통기한꽤 남았어요,포장적당해요,맛 만족도맛있어요,",20240429
798,선택: 기본(머리고기+내장+순대),5,술땡기는 맛입니다♡♡♡♡♡,"유통기한아주 넉넉해요,포장꼼꼼해요,맛 만족도맛있어요,",20240429
799,선택: 기본(머리고기+내장+순대),4,느끼하지않고 맛있어요. 오래 기다린 보람이 있네요. 순대국 최고에요느끼하지않고 맛있어요. 오래 기다린 보람이 있네요. 순대국 최고에요,"유통기한아주 넉넉해요,포장꼼꼼해요,맛 만족도맛있어요,",20240429
800,선택: 순대만,5,느끼하지않고 맛있어요. 오래 기다린 보람이 있네요. 순대국 최고에요. 느끼하지않고 맛있어요. 오래 기다린 보람이 있네요. 순대국 최고에요,"유통기한아주 넉넉해요,포장꼼꼼해요,맛 만족도맛있어요,",20240429
801,선택: 기본(머리고기+내장+순대),5,와이프가 냄새도 안나고 좋다고합니다 저도 맛있게잘먹었습니다,"유통기한아주 넉넉해요,포장꼼꼼해요,맛 만족도맛있어요,",20240429
802,선택: 기본(머리고기+내장+순대),5,맛있게 잘먹었습니다,"유통기한아주 넉넉해요,포장꼼꼼해요,맛 만족도맛있어요,",20240428
803,선택: 살코기+순대,5,고기많이들었고 맛있네요,"유통기한아주 넉넉해요,포장꼼꼼해요,맛 만족도맛있어요,",20240428
804,초특가★: 3. 얼큰순대국 : 살코기+순대,5,맛있어요~~ 잘먹었어용,"유통기한아주 넉넉해요,포장꼼꼼해요,맛 만족도맛있어요,",20240427
805,선택: 기본(머리고기+내장+순대),5,냄새도안나고 맛있어요 주문하고싶네요,"유통기한아주 넉넉해요,포장꼼꼼해요,맛 만족도맛있어요,",20240427
806,선택: 살코기+순대,5,냉동 국밥 밀키트인데 정말 맛있습니다! 얼큰 이름값 하더라구요. 다데기에 청양고추가 들어가 있어서 정말 맛있게 매워요! 맵찔이 분들은 주의 필수. 그리고 양이 생각보다 엄청 많았구요. 고기나 순대 잡내도 없어서 너무 좋아요🥰🥰 재구매 의사 100%.. 다음에 또 구매하러 올게요~ +사진은 까먹고 먹다가 얼레벌레라..^^ 짬통바이브입니다 .,"유통기한꽤 남았어요,포장꼼꼼해요,맛 만족도맛있어요,",20240427
807,선택: 기본(머리고기+내장+순대),5,문의 드릴 점이 있어서 연락드렸는대 친졸허게 잘 대응해주시고 대처또한 너무 좋았습니다! 이 기억 덕분에라도 한 번 더 시킬 것 같아요! 이 순대국 진짜입니다. 제가 타지에서 사느라 순대국을 잘 못먹는데 진짜 찐으로 감탄하면서 먹었습니다. 고기도 많고 순댜도 많고 요즘 같은 물가에 순대국 시켜먹는 것 보다 이거 구매해서 집에두고 끓여먹는게 더 맛있는것 같아요! 추천 또 추천합니다. *세 줄 요약* 1. 음식 맛 매우 좋음 2. 밖에서 시켜먹는 것이랑은 비교가 안됨 3. 퀄리티 측면에서도 압승,"유통기한아주 넉넉해요,포장적당해요,맛 만족도맛있어요,",20240426
808,선택: 기본(머리고기+내장+순대),5,"깔끔하고 꼼꼼한 포장에 1차 감동, 끓이면서 퍼지는 향에 2차 감동, 푸짐한 건더기 양과 깊고 진한 맛에 3차 감동... 먹는 내내 행복으로 가득한 식사였습니다👍 웬만한 밖에서 먹어본 국밥들 다 저리가라에요... 진짜 인생국밥 등극입니다!!! 국밥은 이제 밖에서 안 사먹고 여기것만 계속 택배로 시켜먹을 것 같아요👍","유통기한아주 넉넉해요,포장꼼꼼해요,맛 만족도맛있어요,",20240426
809,선택: 살코기+순대,5,맛있게 먹었어요 ㅎㅎ,"유통기한아주 넉넉해요,포장꼼꼼해요,맛 만족도맛있어요,",20240426
810,선택: 기본(머리고기+내장+순대),5,주문이 몰렸는지 배송이 많이늦어졌지만 잘받았어요. 맛있네요,"유통기한꽤 남았어요,포장꼼꼼해요,맛 만족도맛있어요,",20240426
811,선택: 기본(머리고기+내장+순대),5,흑백보고 시켰어요 양념장 다 넣고 먹었는데 맵지 않고 고기도 순대도 다 맛있어요 남편이 안 먹겠다 해서 두 개만 시켰는데 맛보더니 맛있다고 하나 다 먹었어요...또 시켜야겠어요,"유통기한아주 넉넉해요,포장꼼꼼해요,맛 만족도맛있어요,",20240426
812,선택: 기본(머리고기+내장+순대),5,"가격이 아주 저렴하다고는 못 하겠지만, 맛에서 일단 다른 냉동 식품들을 압살해버리는 맛입니다. 솔직히 이 정도 퀄리티일 거라고는 상상도 못 하고 주문했는데, 가격대비 매우매우매우 만족합니다. 밖에 나가서 국밥 먹느니 차라리 이걸로 편안히 먹겠어요. 나가서 마시는 술값 아낀다 생각하면 오히려 합리적일지도? 아주 맛있게 잘 먹었습니다","유통기한아주 넉넉해요,포장꼼꼼해요,맛 만족도맛있어요,",20240426
813,선택: 살코기+순대,5,맛있게 맵네요 좋아요,"유통기한아주 넉넉해요,포장꼼꼼해요,맛 만족도맛있어요,",20240425
814,선택: 기본(머리고기+내장+순대),5,맛있게 잘 먹었습니다.,"유통기한꽤 남았어요,포장적당해요,맛 만족도맛있어요,",20240425
815,선택: 기본(머리고기+내장+순대),5,와 진짜 맛있네여!!,"유통기한아주 넉넉해요,포장꼼꼼해요,맛 만족도맛있어요,",20240425
816,선택: 기본(머리고기+내장+순대),4,"평범한 맛, 이걸 만천원주고 살 가치가 있나 궁금하네요. 흑백리뷰 보고 시켰다가 대실망합니다.","맛 만족도평범해요,유통기한아주 넉넉해요,포장별로예요,",20240425
817,선택: 기본(머리고기+내장+순대),5,맛있어봤자 냉동제품이라고 생각했는데 집에서 끓여먹어도 엄청 맛있네요! 집 주변 순대국 맛집이랑 비교해도 꿀리지않는 듯,"유통기한아주 넉넉해요,포장꼼꼼해요,맛 만족도맛있어요,",20240425
818,선택: 기본(머리고기+내장+순대),5,의외로 알맞게 매워서 요줌 음식처럼 자극적이지않아 좋았어요 훌훌 넘어가네요,"유통기한아주 넉넉해요,포장꼼꼼해요,맛 만족도맛있어요,",20240425
819,선택: 기본(머리고기+내장+순대),4,먹으려고 뜯어보니 포장이 터져있네요 터진거랑 안터진거 같이 찍엇습니다,"맛 만족도평범해요,유통기한꽤 남았어요,포장별로예요,",20240424
820,선택: 기본(머리고기+내장+순대),5,너무 맛있어요. 잡내도 없고. 재구매예정입니다,"유통기한아주 넉넉해요,포장꼼꼼해요,맛 만족도맛있어요,",20240424
821,선택: 살코기+순대,5,맛있어요 또 살 예정입니다,"유통기한꽤 남았어요,포장꼼꼼해요,맛 만족도맛있어요,",20240423
822,선택: 기본(머리고기+내장+순대),5,맛있게잘먹었습니다.,"맛 만족도평범해요,유통기한꽤 남았어요,포장적당해요,",20240423
823,선택: 기본(머리고기+내장+순대),4,맛은있으나 좀 비싼편이에요,"유통기한꽤 남았어요,포장꼼꼼해요,맛 만족도맛있어요,",20240423
824,선택: 기본(머리고기+내장+순대),5,매콤하고 맛있어요 ………..,"유통기한아주 넉넉해요,포장적당해요,맛 만족도맛있어요,",20240423
825,선택: 기본(머리고기+내장+순대),5,잘 밀봉되어 있고 끓이는 방법도 간단하게나마 안내되어 있어서 편하게 먹었습니다.,"유통기한꽤 남았어요,포장꼼꼼해요,맛 만족도맛있어요,",20240422
826,선택: 기본(머리고기+내장+순대),5,시원하고 냄새도안나고 맛있었습니다 ㅎㅎ,"유통기한아주 넉넉해요,포장꼼꼼해요,맛 만족도맛있어요,",20240422
827,선택: 기본(머리고기+내장+순대),5,비싼듯하지만 1인분보다 많아요 잡내도 없고 얼큰하고 맛있어요,"유통기한아주 넉넉해요,포장꼼꼼해요,맛 만족도맛있어요,",20240422
828,선택: 살코기+순대,5,겁나 맛있고 안에 고기 잡내 없고 양 많아요 재 구매각,"유통기한꽤 남았어요,포장꼼꼼해요,맛 만족도맛있어요,",20240422
829,선택: 기본(머리고기+내장+순대),5,존맛탱입니다 오래기다리긴햇지만 다먹으면 재구매 하겠습니다,"유통기한꽤 남았어요,포장꼼꼼해요,맛 만족도맛있어요,",20240422
830,선택: 기본(머리고기+내장+순대),5,맛도 장난없고요 냄새 1도안나고 내용물도 푸짐해요 얼큰이라는 맛에 어울릴 칼칼함까지 완벽하네요,"유통기한아주 넉넉해요,포장꼼꼼해요,맛 만족도맛있어요,",20240422
831,선택: 기본(머리고기+내장+순대),5,배송늦은거빼곤 만족합니다.,"맛 만족도평범해요,유통기한꽤 남았어요,포장적당해요,",20240422
832,선택: 순대만,5,맛만 보고 리뷰하면 진짜 맛있는데... 바쁘셨는지 두개시켰는데 하나밖에 안보내주셨네요...,"유통기한아주 넉넉해요,포장꼼꼼해요,맛 만족도맛있어요,",20240421
833,선택: 기본(머리고기+내장+순대),5,"근무중에 도착하여 포장사진은 아쉽게 못 찍었습니다. 흑백리뷰보고 구매했고, 리뷰대로 맛있었습니다. 간간하고 얼큰해서 별도 간은 안 해도 됬어요. 별첨으로 받은 새우젓도 깔끔했습니다.","유통기한아주 넉넉해요,포장꼼꼼해요,맛 만족도맛있어요,",20240421
834,선택: 기본(머리고기+내장+순대),5,맛있게 잘 먹었습니다. 마트에서 사먹는 상온보관용 레토르트 순대국이랑 확실히 다르네요. 우리동네 순대국 맛집에서 포장해먹는 맛이랑 더 비슷해요.,"유통기한아주 넉넉해요,포장꼼꼼해요,맛 만족도맛있어요,",20240421
835,선택: 살코기+순대,5,드셔보셔요~맛나네용~,"유통기한아주 넉넉해요,포장꼼꼼해요,맛 만족도맛있어요,",20240420
836,선택: 기본(머리고기+내장+순대),5,m드셔보셔요~~맛나네용,"유통기한아주 넉넉해요,포장꼼꼼해요,맛 만족도맛있어요,",20240420
837,선택: 살코기+순대,5,잘 받았습니다 감사합니다,"유통기한아주 넉넉해요,포장꼼꼼해요,맛 만족도맛있어요,",20240420
838,선택: 기본(머리고기+내장+순대),5,맛있었어요ㅎㅎ 흠잡을곳이없는맛,"유통기한아주 넉넉해요,포장꼼꼼해요,맛 만족도맛있어요,",20240420
839,선택: 순대만,5,"진짜 미친듯이 맛있어요, 잡내 1도없고 뭐하나 흠잡을데가 없는맛입니다! 배송상태도 좋아요","유통기한아주 넉넉해요,포장꼼꼼해요,맛 만족도맛있어요,",20240420
840,선택: 순대만,5,진짜 너무 맛있어요. 재구매각!,"유통기한아주 넉넉해요,포장꼼꼼해요,맛 만족도맛있어요,",20240420
841,선택: 기본(머리고기+내장+순대),5,진짜 너무 맛있어요. 재구매각!,"유통기한아주 넉넉해요,포장꼼꼼해요,맛 만족도맛있어요,",20240420
842,선택: 살코기+순대,5,잡내 하나없이 깔끔하고 맛있어요!! 리뷰보고 양념장 반만 넣었는데 매운거 잘 못먹는 사람한테 딱 적당하네요.,"유통기한아주 넉넉해요,포장꼼꼼해요,맛 만족도맛있어요,",20240419
843,선택: 기본(머리고기+내장+순대),5,이거 마싯어요.. 돈 더 있으면 사먹고싶은맛,"유통기한아주 넉넉해요,포장꼼꼼해요,맛 만족도맛있어요,",20240419
844,선택: 살코기+순대,5,맛있네요 또사먹을듯,"유통기한아주 넉넉해요,포장꼼꼼해요,맛 만족도맛있어요,",20240419
845,선택: 살코기+순대,5,"맛이 진짜 감칠맛나고, 건던기가 너무 푸짐해서 잘 먹었습니다!","유통기한아주 넉넉해요,포장꼼꼼해요,맛 만족도맛있어요,",20240419
846,선택: 기본(머리고기+내장+순대),5,배송 잘 받았습니다 잘 먹을게요,"유통기한꽤 남았어요,포장꼼꼼해요,맛 만족도맛있어요,",20240418
847,선택: 기본(머리고기+내장+순대),5,순대도 정통순대라 맛있고 양도 푸짐하고 너무 좋네요~,"유통기한아주 넉넉해요,포장꼼꼼해요,맛 만족도맛있어요,",20240418
848,선택: 살코기+순대,5,추천 받아서 먹었는데 맛있네요! 얼큰핟거 잘 못먹어서 매운양념 적게 탔는데 딱이었어요~,"유통기한아주 넉넉해요,포장꼼꼼해요,맛 만족도맛있어요,",20240418
849,선택: 기본(머리고기+내장+순대),5,꼼꼼하게 포장해주셨구 맛있어요! 다음에 또 주문할게요,"유통기한아주 넉넉해요,포장꼼꼼해요,맛 만족도맛있어요,",20240417
850,선택: 기본(머리고기+내장+순대),5,맛있어요. 왜만한 가게보다 맛있습니다. 가격이 11000이여서 좀 망설였는데 저는 한봉지에 2번먹을 수 있네요. 완전 만족입니다. 사진은 나눠먹으려고 2분의1양만 담은 상태입니다.,"유통기한아주 넉넉해요,포장꼼꼼해요,맛 만족도맛있어요,",20240417
851,선택: 기본(머리고기+내장+순대),5,얼큰하니 생각날만한 순대국이였음,"유통기한아주 넉넉해요,포장꼼꼼해요,맛 만족도맛있어요,",20240416
852,선택: 기본(머리고기+내장+순대),5,괜찮은 순댓국이여! 양념과 새우젓은 먹어보시고 넣어야 것다!,"유통기한아주 넉넉해요,포장꼼꼼해요,맛 만족도맛있어요,",20240416
853,선택: 기본(머리고기+내장+순대),5,고기양도 넉넉하고 맛도 좋아요~,"유통기한아주 넉넉해요,포장꼼꼼해요,맛 만족도맛있어요,",20240415
854,선택: 기본(머리고기+내장+순대),5,맛있어요 또살거에요!,"유통기한아주 넉넉해요,포장꼼꼼해요,맛 만족도맛있어요,",20240415
855,초특가★: 3. 얼큰순대국 : 살코기+순대,5,얼큰하게 정말 맛있게 잘 먹었습니다. 재주문각이네요.,"유통기한아주 넉넉해요,포장꼼꼼해요,맛 만족도맛있어요,",20240414
856,선택: 기본(머리고기+내장+순대),3,포장이나 배달이 좀 늦고 망가져있었습니다,"유통기한임박상품이에요,포장별로예요,맛 만족도맛있어요,",20240414
857,초특가★: 1. 얼큰순대국 : 기본(머리고기+내장+순대),5,국물이 적은거 빼고 양도 많고 순대도 맛나네요. 다데기는 반 넣어도 얼큰하니 좋았습니다. 다 넣었으면 큰일날뻔 했어요.,"유통기한아주 넉넉해요,포장꼼꼼해요,맛 만족도맛있어요,",20240412
858,초특가★: 3. 얼큰순대국 : 살코기+순대,5,양도 넉넉하고 맛있어요. 전원래수원사람인데요..얼큰순대국 많이맵네요~ㅎㅎ 혹시나싶어서 3인분 끓이는데 매운양념하나만 넣었는데 기분좋은 칼칼함이었어요. 새우젓넣지않아도 간이맞아서 그냥 먹었어요😍😍 지동시장갈일있음 매장가서 직접사먹어야겠어요,"유통기한꽤 남았어요,포장꼼꼼해요,맛 만족도맛있어요,",20240412
859,선택: 기본(머리고기+내장+순대),5,새우젓이며 들깨가루도 다들어있고 생각했던것보다 훨씬맛있어요,"유통기한꽤 남았어요,포장꼼꼼해요,맛 만족도맛있어요,",20240411
860,초특가★: 1. 얼큰순대국 : 기본(머리고기+내장+순대),5,첫날엔 사진 설명대로 양념장 다 넣었다가 맛은 있었지만 간이 세서 오늘은 반만 넣었어요!! 훨씬 맛있게 먹었습니다~ 냄새 하나도 안나고! 푸짐해요~ 집에있던 부추와 파 송송 썰어 넣었어요^^ 감사히 잘 먹겠습니다!,"유통기한아주 넉넉해요,포장꼼꼼해요,맛 만족도맛있어요,",20240408
861,초특가★: 1. 얼큰순대국 : 기본(머리고기+내장+순대),3,순대 많이 들어있어요 국물은. 뽀얀국물이구요 새우젓도 같이오니 구성품은 좋네요 맛은 좀 느끼한맛이있어요 뚝배기에 끓이니 식당같아요,"맛 만족도평범해요,유통기한아주 넉넉해요,포장꼼꼼해요,",20240408
862,초특가★: 3. 얼큰순대국 : 살코기+순대,5,진짜 맛있어요!!!!! 순대며 고기며 내용물도 너무 풍부하고 국물도 완전 넉넉하게 주셔서 완전 푸짐하게 먹었어요~~~ 캠핑 가서 아침 해장용으로 먹었는데 크으~~ 진짜 최고였습니다!!!,"유통기한아주 넉넉해요,포장꼼꼼해요,맛 만족도맛있어요,",20240408
863,초특가★: 1. 얼큰순대국 : 기본(머리고기+내장+순대),5,얼큰하고 순대와살코기 맛있어요,"유통기한아주 넉넉해요,포장꼼꼼해요,맛 만족도맛있어요,",20240407
864,초특가★: 2. 얼큰순대국 : 순대만,5,너무 맛있게 잘 먹었습니다,"유통기한아주 넉넉해요,포장꼼꼼해요,맛 만족도맛있어요,",20240407
865,초특가★: 1. 얼큰순대국 : 기본(머리고기+내장+순대),5,맛있습니다 많이 파세요,"유통기한아주 넉넉해요,포장꼼꼼해요,맛 만족도맛있어요,",20240407
866,초특가★: 1. 얼큰순대국 : 기본(머리고기+내장+순대),5,맛있어요 혼밥할때 괜찮아요,"유통기한아주 넉넉해요,포장꼼꼼해요,맛 만족도맛있어요,",20240407
867,초특가★: 3. 얼큰순대국 : 살코기+순대,5,배송도 괜찮고 아직 안먹어봤지만 맛있으면 많이 사둬야지요,"유통기한아주 넉넉해요,포장꼼꼼해요,맛 만족도맛있어요,",20240407
868,초특가★: 2. 얼큰순대국 : 순대만,5,매운거 안넣고 끓여서 아이도 주고 어른들먹을껀 매운양념 따로 넣어먹었어요. 순대 진짜 실하고 너무맛있어요. 사진 첨부하고싶은데 국물만남았어요.,"유통기한아주 넉넉해요,포장꼼꼼해요,맛 만족도맛있어요,",20240407
869,초특가★: 3. 얼큰순대국 : 살코기+순대,5,배송 빠르네요~ 설명대로 주문내용과 동일하게 잘 왔고요 다음에 또 구입할게요~,"유통기한아주 넉넉해요,포장꼼꼼해요,맛 만족도맛있어요,",20240406
870,초특가★: 3. 얼큰순대국 : 살코기+순대,5,진짜 너무너므 맛있게 먹었어요!! 재구매 의사 있어요 초딩아이들도 맛있게 먹었어요,"유통기한아주 넉넉해요,포장꼼꼼해요,맛 만족도맛있어요,",20240405
871,초특가★: 1. 얼큰순대국 : 기본(머리고기+내장+순대),5,너무맛있어요 셀해서 잘샀어요,"유통기한아주 넉넉해요,포장꼼꼼해요,맛 만족도맛있어요,",20240405
872,초특가★: 3. 얼큰순대국 : 살코기+순대,5,맛있다고가족들이다잘먹어요,"유통기한꽤 남았어요,포장꼼꼼해요,맛 만족도맛있어요,",20240405
873,초특가★: 2. 얼큰순대국 : 순대만,5,맛있다고아이들이너무잘먹었어요,"유통기한꽤 남았어요,포장꼼꼼해요,맛 만족도맛있어요,",20240405
874,초특가★: 3. 얼큰순대국 : 살코기+순대,5,"순대가 잡내없이 부드럽고 내용물이 실합니다. 전체적으로 양이 넉넉하여 든든하고 맛있게 먹었습니다. 저는 다진마늘 한수저와 대파한줌,후추를 추가 하였습니다.들어있는 양념장은 반만 넣었습니다. 얼큰한것 좋아하시는 분은 다ㅈ넣으도 좋을듯합니다. 할인행사 하면 재구매 의사 100프로 입니다","유통기한꽤 남았어요,포장꼼꼼해요,맛 만족도맛있어요,",20240405
875,초특가★: 1. 얼큰순대국 : 기본(머리고기+내장+순대),5,선착순초특가로 구매해서 오늘먹어봤는데 사먹는거보다 훨났네요,"유통기한아주 넉넉해요,포장꼼꼼해요,맛 만족도맛있어요,",20240404
876,초특가★: 1. 얼큰순대국 : 기본(머리고기+내장+순대),5,선착순초특가로 구매해서 오늘먹어봤는데 사먹는거보다 훨났네요,"유통기한아주 넉넉해요,포장꼼꼼해요,맛 만족도맛있어요,",20240404
877,초특가★: 3. 얼큰순대국 : 살코기+순대,5,맛이 식당에서 먹는지 알았어요 얼큰이라 뽀얀 국물이 아닐까 걱정했는데 다데기 따로에요!! 청양고추가 제대로 맵네요 ㅎㅎ 국물 두팩에 새우젓 다데기 들께가루 하나씩 넣으니까 맛있네요 더 살걸 후회돼요 ㅎㅎ,"유통기한꽤 남았어요,포장꼼꼼해요,맛 만족도맛있어요,",20240404
878,초특가★: 3. 얼큰순대국 : 살코기+순대,5,받자마자 먹었는데 맛있네요~~,"유통기한아주 넉넉해요,포장꼼꼼해요,맛 만족도맛있어요,",20240404
879,초특가★: 1. 얼큰순대국 : 기본(머리고기+내장+순대),5,행사해서 처음 주문해봤는데 맛있었으면 좋겠어요 기대됩니다,"맛 만족도평범해요,유통기한꽤 남았어요,포장적당해요,",20240404
